image,detections
"image_(18, 35.29339, 26.26795, 40.53992, 22.75128, 40.54879, 22.73931).jpeg",1
"image_(18, 35.29715, 25.47558, 40.50499, 22.70376, 40.51387, 22.69179).jpeg",5
"image_(18, 35.30064, 26.26219, 40.53967, 22.76328, 40.54855, 22.7513).jpeg",2
"image_(18, 35.30195, 26.2899, 40.54976, 23.88771, 40.55876, 23.87589).jpeg",16
"image_(18, 35.30221, 26.29449, 40.54475, 22.77001, 40.55363, 22.75804).jpeg",11
"image_(18, 35.30349, 23.51298, 38.24912, 24.12731, 38.25815, 24.1159).jpeg",38
"image_(18, 35.30506, 23.51354, 38.24928, 24.12753, 38.25831, 24.11612).jpeg",41
"image_(18, 35.30617, 25.42156, 40.50489, 22.70531, 40.51377, 22.69333).jpeg",7
"image_(18, 35.30747, 23.52126, 39.7661, 19.9658, 39.77468, 19.95363).jpeg",1
"image_(18, 35.30973, 25.51856, 40.49957, 22.67149, 40.50844, 22.65951).jpeg",8
"image_(18, 35.31439, 26.30111, 40.54618, 22.77582, 40.55506, 22.76385).jpeg",5
"image_(18, 35.31562, 26.28741, 40.54024, 22.762, 40.54912, 22.75003).jpeg",4
"image_(18, 35.31868, 26.30077, 40.5461, 22.77096, 40.55498, 22.75898).jpeg",5
"image_(18, 35.3204, 25.56252, 40.49959, 22.66952, 40.50846, 22.65754).jpeg",11
"image_(18, 35.33294, 25.24715, 40.50669, 22.69709, 40.51556, 22.68511).jpeg",7
"image_(18, 35.33626, 23.53316, 39.78771, 19.79706, 39.79627, 19.78487).jpeg",2
"image_(18, 35.33772, 25.30451, 40.50687, 22.70297, 40.51574, 22.69099).jpeg",8
"image_(18, 35.3394, 26.88401, 40.55954, 22.80766, 40.56843, 22.79568).jpeg",1
"image_(18, 35.34045, 26.86827, 40.5327, 22.75025, 40.54158, 22.73828).jpeg",1
"image_(18, 35.34174, 26.8808, 40.55678, 22.82288, 40.56567, 22.81091).jpeg",2
"image_(18, 35.34255, 26.87885, 40.55328, 22.7556, 40.56216, 22.74362).jpeg",2
"image_(18, 35.34296, 25.05347, 40.50732, 22.69982, 40.51619, 22.68784).jpeg",16
"image_(18, 35.34319, 26.87699, 40.55478, 22.76788, 40.56366, 22.7559).jpeg",1
"image_(18, 35.34518, 25.14383, 40.50803, 22.69437, 40.5169, 22.68239).jpeg",2
"image_(18, 35.3463, 26.18086, 40.51563, 22.75253, 40.52451, 22.74056).jpeg",1
"image_(18, 35.34749, 26.85832, 40.52109, 22.76515, 40.52997, 22.75318).jpeg",3
"image_(18, 35.35026, 25.04604, 40.50755, 22.69772, 40.51643, 22.68575).jpeg",5
"image_(18, 35.35388, 24.36296, 40.50294, 22.66836, 40.51181, 22.65638).jpeg",2
"image_(18, 35.35446, 23.53212, 39.78837, 19.96509, 39.79695, 19.95291).jpeg",2
"image_(18, 35.35645, 26.84982, 40.5206, 22.76275, 40.52948, 22.75078).jpeg",1
"image_(18, 35.35753, 23.53136, 39.78137, 19.95377, 39.78995, 19.94159).jpeg",2
"image_(18, 35.35864, 26.90166, 40.56127, 22.81122, 40.57016, 22.79925).jpeg",2
"image_(18, 35.35965, 26.82374, 40.51564, 22.74091, 40.52452, 22.72894).jpeg",2
"image_(18, 35.36575, 24.26368, 40.50093, 22.67068, 40.5098, 22.6587).jpeg",7
"image_(18, 35.36852, 24.48111, 40.50376, 22.70558, 40.51263, 22.69361).jpeg",11
"image_(18, 35.3783, 23.53329, 39.79014, 19.91167, 39.79871, 19.89949).jpeg",14
"image_(18, 35.38447, 23.53343, 39.7903, 19.91301, 39.79888, 19.90082).jpeg",15
"image_(18, 35.3894, 26.86969, 40.53529, 22.7642, 40.54417, 22.75223).jpeg",3
"image_(18, 35.39303, 23.5448, 39.88487, 25.06005, 39.89399, 25.0485).jpeg",2
"image_(18, 35.40543, 24.9209, 40.50566, 22.70256, 40.51453, 22.69059).jpeg",8
"image_(18, 35.40543, 24.9309, 40.50582, 22.70482, 40.5147, 22.69285).jpeg",8
"image_(18, 35.40683, 24.93602, 40.50539, 22.70131, 40.51427, 22.68934).jpeg",10
"image_(18, 35.4078, 23.54368, 39.81274, 19.87519, 39.82131, 19.863).jpeg",8
"image_(18, 35.41105, 24.83008, 40.50544, 22.71147, 40.51432, 22.6995).jpeg",11
"image_(18, 35.41487, 24.96378, 40.50603, 22.70363, 40.51491, 22.69165).jpeg",6
"image_(18, 35.41801, 26.93213, 40.60086, 24.78013, 40.60994, 24.76842).jpeg",2
"image_(18, 35.41828, 24.96521, 40.5066, 22.70425, 40.51547, 22.69227).jpeg",2
"image_(18, 35.42024, 24.96637, 40.50667, 22.7013, 40.51554, 22.68933).jpeg",8
"image_(18, 35.4213, 24.75748, 40.50458, 22.70263, 40.51345, 22.69066).jpeg",4
"image_(18, 35.42566, 23.5675, 39.85623, 19.44004, 39.86475, 19.42779).jpeg",5
"image_(18, 35.42737, 24.73938, 40.50361, 22.70448, 40.51248, 22.69251).jpeg",17
"image_(18, 35.42791, 24.96944, 40.5075, 22.69567, 40.51637, 22.6837).jpeg",3
"image_(18, 35.42817, 26.85523, 40.5244, 22.76431, 40.53328, 22.75234).jpeg",1
"image_(18, 35.43194, 26.87104, 40.53677, 22.75397, 40.54565, 22.74199).jpeg",2
"image_(18, 35.44378, 23.56895, 39.9539, 23.98769, 39.96291, 23.97598).jpeg",79
"image_(18, 35.44496, 26.86739, 40.53222, 22.77015, 40.5411, 22.75818).jpeg",4
"image_(18, 35.44911, 26.89174, 40.55236, 22.79936, 40.56124, 22.78739).jpeg",8
"image_(18, 35.45291, 24.17823, 40.50161, 22.70496, 40.51048, 22.69298).jpeg",5
"image_(18, 35.46701, 24.22951, 40.50276, 22.70489, 40.51163, 22.69291).jpeg",10
"image_(18, 35.48005, 24.11154, 40.49883, 22.67346, 40.5077, 22.66148).jpeg",12
"image_(18, 35.48069, 23.56926, 39.95408, 23.98471, 39.96309, 23.973).jpeg",78
"image_(18, 35.48894, 24.08607, 40.49894, 22.70618, 40.50781, 22.69421).jpeg",7
"image_(18, 35.48935, 24.08146, 40.49844, 22.67072, 40.50731, 22.65874).jpeg",7
"image_(18, 35.49095, 24.06645, 40.4938, 22.67646, 40.50268, 22.66448).jpeg",5
"image_(18, 35.49174, 24.06658, 40.49395, 22.67205, 40.50282, 22.66008).jpeg",13
"image_(18, 35.4921, 24.07792, 40.49721, 22.66988, 40.50608, 22.65791).jpeg",11
"image_(18, 35.49275, 24.06618, 40.49356, 22.67285, 40.50243, 22.66087).jpeg",11
"image_(18, 35.49443, 24.13651, 40.5, 22.67042, 40.50887, 22.65845).jpeg",5
"image_(18, 35.49482, 24.06465, 40.49321, 22.67384, 40.50209, 22.66186).jpeg",13
"image_(18, 35.49737, 24.13488, 40.49561, 22.67144, 40.50448, 22.65946).jpeg",3
"image_(18, 35.49778, 24.13283, 40.49934, 22.66851, 40.50821, 22.65653).jpeg",10
"image_(18, 35.50374, 24.07369, 40.49457, 22.67397, 40.50344, 22.66199).jpeg",8
"image_(18, 35.50994, 27.21044, 41.05709, 25.12798, 41.06621, 25.11624).jpeg",1
"image_(18, 35.51058, 27.21437, 41.08191, 25.11528, 41.09103, 25.10353).jpeg",1
"image_(18, 35.51406, 23.56762, 39.93696, 25.28903, 39.9461, 25.27749).jpeg",1
"image_(18, 35.51724, 27.09844, 40.55191, 22.78513, 40.56079, 22.77316).jpeg",13
"image_(18, 35.5177, 24.13155, 40.50101, 22.66951, 40.50988, 22.65753).jpeg",5
"image_(18, 35.51771, 23.57131, 39.95647, 23.98741, 39.96548, 23.9757).jpeg",76
"image_(18, 35.5184, 23.5717, 39.95647, 23.98816, 39.96548, 23.97644).jpeg",64
"image_(18, 35.52083, 24.02416, 40.48194, 22.65802, 40.49081, 22.64604).jpeg",1
"image_(18, 35.53574, 27.21155, 41.08037, 25.11528, 41.08949, 25.10352).jpeg",1
"image_(18, 35.5369, 23.57054, 39.95629, 23.98652, 39.9653, 23.97481).jpeg",62
"image_(18, 35.5531, 24.07998, 40.49829, 22.70753, 40.50717, 22.69555).jpeg",2
"image_(18, 35.55523, 23.72437, 40.3306, 23.92638, 40.3396, 23.9146).jpeg",9
"image_(18, 35.56417, 23.72404, 40.32251, 23.98416, 40.33152, 23.97239).jpeg",1
"image_(18, 35.57077, 23.58194, 40.07014, 23.80018, 40.07913, 23.78843).jpeg",3
"image_(18, 35.5764, 24.07329, 40.49382, 22.6761, 40.50269, 22.66412).jpeg",4
"image_(18, 35.58169, 23.58904, 40.16883, 23.72218, 40.17781, 23.71039).jpeg",1
"image_(18, 35.58603, 27.06927, 40.77634, 24.71397, 40.78542, 24.70222).jpeg",1
"image_(18, 35.58621, 24.07509, 40.496, 22.67028, 40.50487, 22.6583).jpeg",12
"image_(18, 35.58779, 24.07813, 40.49715, 22.67286, 40.50602, 22.66089).jpeg",12
"image_(18, 35.59078, 24.07763, 40.49694, 22.67141, 40.50581, 22.65943).jpeg",8
"image_(18, 35.5924, 24.07885, 40.49785, 22.67402, 40.50672, 22.66204).jpeg",9
"image_(18, 35.59381, 24.08127, 40.49823, 22.66941, 40.5071, 22.65743).jpeg",10
"image_(18, 35.60185, 25.57353, 40.50013, 22.70557, 40.50901, 22.6936).jpeg",7
"image_(18, 35.60536, 23.57714, 40.01473, 25.44097, 40.02388, 25.42945).jpeg",7
"image_(18, 35.62678, 23.70937, 40.23315, 23.28435, 40.24208, 23.2725).jpeg",12
"image_(18, 35.62732, 23.70915, 40.23203, 23.28224, 40.24097, 23.27039).jpeg",9
"image_(18, 35.63405, 23.59389, 40.18774, 23.80805, 40.19673, 23.79628).jpeg",1
"image_(18, 35.63575, 23.5885, 40.15026, 22.55644, 40.15912, 22.54451).jpeg",3
"image_(18, 35.63594, 23.58846, 40.13022, 23.40844, 40.13917, 23.39662).jpeg",2
"image_(18, 35.64822, 23.70826, 40.21038, 23.77273, 40.21937, 23.76095).jpeg",18
"image_(18, 35.65633, 23.70928, 40.23244, 23.28674, 40.24137, 23.27489).jpeg",1
"image_(18, 35.67035, 23.71831, 40.30691, 23.06014, 40.31582, 23.04825).jpeg",1
"image_(18, 35.67246, 27.11967, 40.85311, 24.70706, 40.86219, 24.69529).jpeg",4
"image_(18, 35.67798, 27.12144, 40.87321, 24.39038, 40.88225, 24.37857).jpeg",7
"image_(18, 35.76683, 27.1616, 39.47552, 19.8635, 39.48409, 19.85137).jpeg",5
"image_(18, 35.7671, 27.16169, 39.47582, 19.86439, 39.48439, 19.85226).jpeg",1
"image_(18, 35.7675, 27.16178, 39.48909, 20.24531, 39.49771, 20.23322).jpeg",1
"image_(18, 35.76791, 27.16187, 39.48964, 20.23743, 39.49825, 20.22534).jpeg",8
"image_(18, 35.77051, 27.16213, 39.47869, 19.86032, 39.48726, 19.84818).jpeg",11
"image_(18, 35.77168, 27.16249, 39.55206, 24.99982, 39.56117, 24.98831).jpeg",2
"image_(18, 35.77285, 27.16276, 39.49101, 19.84873, 39.49958, 19.83659).jpeg",1
"image_(18, 35.77699, 27.16313, 39.54834, 24.99921, 39.55745, 24.9877).jpeg",6
"image_(18, 35.78017, 26.4556, 40.55087, 22.77572, 40.55975, 22.76374).jpeg",3
"image_(18, 35.78093, 27.16416, 39.50387, 19.85252, 39.51244, 19.84039).jpeg",10
"image_(18, 35.78722, 27.16438, 39.53019, 19.84583, 39.53876, 19.83369).jpeg",3
"image_(18, 35.78857, 27.16438, 39.52744, 19.84901, 39.53601, 19.83687).jpeg",4
"image_(18, 35.78964, 27.16438, 39.51853, 20.1707, 39.52713, 20.1586).jpeg",16
"image_(18, 35.79007, 27.16437, 39.50629, 19.85514, 39.51486, 19.843).jpeg",12
"image_(18, 35.79557, 27.16546, 39.57011, 19.82357, 39.57868, 19.81142).jpeg",1
"image_(18, 35.80438, 27.16811, 39.57695, 19.82549, 39.58552, 19.81333).jpeg",1
"image_(18, 35.82561, 26.4617, 39.46939, 19.86786, 39.47797, 19.85573).jpeg",1
"image_(18, 35.83069, 23.3188, 39.41614, 23.16697, 39.42506, 23.15524).jpeg",1
"image_(18, 35.83667, 27.2313, 39.66242, 20.09493, 39.67101, 20.08279).jpeg",37
"image_(18, 35.8368, 27.23115, 39.65957, 20.09826, 39.66816, 20.08612).jpeg",13
"image_(18, 35.83712, 27.23135, 39.65927, 20.08759, 39.66787, 20.07545).jpeg",13
"image_(18, 35.83845, 27.23135, 39.66197, 20.08136, 39.67056, 20.06922).jpeg",26
"image_(18, 35.83867, 27.20784, 39.64545, 20.10556, 39.65405, 20.09342).jpeg",9
"image_(18, 35.83953, 27.23115, 39.65661, 20.10513, 39.66521, 20.093).jpeg",4
"image_(18, 35.84269, 27.20009, 39.61592, 19.93214, 39.6245, 19.91999).jpeg",1
"image_(18, 35.84349, 23.30167, 39.32952, 20.29047, 39.33814, 20.27841).jpeg",3
"image_(18, 35.84459, 27.19919, 39.60728, 19.93428, 39.61586, 19.92214).jpeg",1
"image_(18, 35.84529, 23.29929, 39.38351, 24.16298, 39.39254, 24.15138).jpeg",1
"image_(18, 35.85292, 27.21152, 39.66686, 20.07835, 39.67546, 20.06621).jpeg",25
"image_(18, 35.87665, 27.21177, 39.64218, 19.93093, 39.65076, 19.91878).jpeg",6
"image_(18, 35.87743, 27.74954, 39.67467, 20.02403, 39.68326, 20.01189).jpeg",32
"image_(18, 35.87867, 27.21441, 39.65309, 20.11178, 39.66169, 20.09965).jpeg",55
"image_(18, 35.87943, 27.21406, 39.64884, 20.11326, 39.65744, 20.10113).jpeg",51
"image_(18, 35.87975, 27.21415, 39.65047, 20.12008, 39.65907, 20.10794).jpeg",19
"image_(18, 35.88074, 27.21366, 39.65124, 20.11193, 39.65984, 20.0998).jpeg",59
"image_(18, 35.88638, 27.21461, 39.65003, 20.09714, 39.65863, 20.085).jpeg",5
"image_(18, 35.88697, 27.2348, 39.6638, 20.08918, 39.67239, 20.07704).jpeg",45
"image_(18, 35.89205, 27.21451, 39.65251, 20.11494, 39.66111, 20.10281).jpeg",59
"image_(18, 35.89552, 26.81718, 39.44549, 20.01171, 39.45408, 19.99961).jpeg",2
"image_(18, 35.89895, 23.27826, 39.34539, 22.99242, 39.3543, 22.98069).jpeg",4
"image_(18, 35.90009, 27.21743, 39.6539, 20.09389, 39.66249, 20.08175).jpeg",12
"image_(18, 35.90385, 27.75469, 39.68135, 20.0165, 39.68994, 20.00435).jpeg",21
"image_(18, 36.04253, 26.41404, 39.48084, 20.26208, 39.48945, 20.25).jpeg",2
"image_(18, 36.0586, 27.802, 39.67483, 19.85218, 39.68339, 19.84001).jpeg",19
"image_(18, 36.095, 22.99495, 39.2369, 20.4785, 39.24555, 20.46648).jpeg",1
"image_(18, 36.09971, 22.99543, 39.2648, 26.41386, 39.27404, 26.40259).jpeg",2
"image_(18, 36.11367, 27.70993, 39.6687, 19.71478, 39.67725, 19.7026).jpeg",2
"image_(18, 36.1416, 23.02297, 39.27243, 26.3863, 39.28167, 26.37502).jpeg",2
"image_(18, 36.14834, 22.96245, 39.22543, 20.48082, 39.23408, 20.4688).jpeg",3
"image_(18, 36.1506, 22.97534, 39.26991, 25.88466, 39.27911, 25.87332).jpeg",1
"image_(18, 36.15373, 27.68442, 39.66467, 19.70443, 39.67322, 19.69225).jpeg",1
"image_(18, 36.15622, 27.68406, 39.67735, 20.06406, 39.68594, 20.05191).jpeg",22
"image_(18, 36.16033, 22.9529, 39.21836, 20.4823, 39.227, 20.47028).jpeg",3
"image_(18, 36.16178, 22.93806, 39.26516, 23.29592, 39.2741, 23.28424).jpeg",7
"image_(18, 36.17197, 22.91391, 39.20583, 23.3413, 39.21477, 23.32963).jpeg",1
"image_(18, 36.199, 27.67041, 39.67434, 20.02418, 39.68293, 20.01203).jpeg",30
"image_(18, 36.2106, 27.51899, 39.66749, 20.07735, 39.67609, 20.06521).jpeg",35
"image_(18, 36.21215, 27.51942, 39.67211, 20.06873, 39.6807, 20.05659).jpeg",35
"image_(18, 36.21279, 27.51988, 39.67136, 20.03431, 39.67995, 20.02216).jpeg",74
"image_(18, 36.21559, 27.49491, 39.66714, 20.07186, 39.67573, 20.05972).jpeg",30
"image_(18, 36.21581, 27.5812, 39.67167, 20.03204, 39.68026, 20.0199).jpeg",65
"image_(18, 36.22108, 25.2286, 39.40979, 20.10714, 39.41839, 20.09504).jpeg",1
"image_(18, 36.22262, 23.08179, 39.31617, 24.04788, 39.32518, 24.03628).jpeg",1
"image_(18, 36.22887, 27.62275, 39.67387, 20.04003, 39.68246, 20.02788).jpeg",36
"image_(18, 36.23422, 25.21054, 39.41357, 20.23512, 39.42219, 20.22304).jpeg",1
"image_(18, 36.23485, 25.21037, 39.41225, 20.23516, 39.42086, 20.22309).jpeg",5
"image_(18, 36.23552, 22.90196, 39.12589, 20.25896, 39.13451, 20.24694).jpeg",3
"image_(18, 36.2378, 22.90218, 39.1635, 26.28432, 39.17273, 26.27305).jpeg",6
"image_(18, 36.23826, 27.66865, 39.67509, 20.05155, 39.68368, 20.0394).jpeg",17
"image_(18, 36.24433, 25.19779, 39.42643, 24.18227, 39.43546, 24.17067).jpeg",1
"image_(18, 36.2452, 27.77453, 39.68464, 20.0184, 39.69323, 20.00625).jpeg",17
"image_(18, 36.26032, 26.74666, 39.48799, 20.24763, 39.4966, 20.23554).jpeg",1
"image_(18, 36.26476, 23.07715, 39.29699, 26.08075, 39.30621, 26.06942).jpeg",24
"image_(18, 36.26522, 27.70665, 39.1564, 23.52173, 39.16537, 23.51009).jpeg",1
"image_(18, 36.26621, 25.88217, 39.50203, 24.97693, 39.51113, 24.96543).jpeg",3
"image_(18, 36.26966, 25.82477, 39.43225, 20.09327, 39.44084, 20.08117).jpeg",1
"image_(18, 36.28183, 22.91989, 39.2303, 23.32544, 39.23924, 23.31376).jpeg",2
"image_(18, 36.29541, 25.44149, 39.41085, 20.1055, 39.41945, 20.09341).jpeg",4
"image_(18, 36.30892, 22.90663, 38.38627, 23.97721, 38.39528, 23.96576).jpeg",55
"image_(18, 36.31394, 22.90107, 38.38386, 23.96328, 38.39287, 23.95182).jpeg",34
"image_(18, 36.31686, 22.89393, 38.36055, 22.11216, 38.36937, 22.10048).jpeg",23
"image_(18, 36.32368, 26.7263, 38.96159, 20.83568, 38.97028, 20.82375).jpeg",54
"image_(18, 36.32681, 22.98274, 38.39375, 21.10113, 38.40246, 21.08933).jpeg",1
"image_(18, 36.32719, 22.89524, 38.38158, 23.95784, 38.39059, 23.94638).jpeg",52
"image_(18, 36.32935, 26.66784, 38.95932, 20.799, 38.968, 20.78707).jpeg",31
"image_(18, 36.3313, 26.66603, 38.95115, 20.8312, 38.95983, 20.81928).jpeg",40
"image_(18, 36.33591, 26.65989, 38.95645, 20.8144, 38.96513, 20.80247).jpeg",8
"image_(18, 36.33663, 26.6598, 38.95537, 20.80634, 38.96405, 20.79441).jpeg",14
"image_(18, 36.33973, 22.90307, 38.38284, 23.96252, 38.39185, 23.95107).jpeg",44
"image_(18, 36.34208, 25.76933, 38.8496, 20.75083, 38.85827, 20.73891).jpeg",1
"image_(18, 36.34356, 22.90296, 38.38462, 24.05592, 38.39364, 24.04448).jpeg",2
"image_(18, 36.34444, 26.66366, 38.95097, 20.83021, 38.95965, 20.81829).jpeg",37
"image_(18, 36.34489, 26.6633, 38.95071, 20.82092, 38.95939, 20.809).jpeg",8
"image_(18, 36.34551, 25.84055, 38.8952, 22.95921, 38.90411, 22.94755).jpeg",38
"image_(18, 36.34566, 25.8386, 38.89502, 22.94934, 38.90392, 22.93767).jpeg",17
"image_(18, 36.34619, 25.84858, 38.89606, 22.96282, 38.90496, 22.95115).jpeg",27
"image_(18, 36.34736, 25.85181, 38.89644, 22.95921, 38.90535, 22.94755).jpeg",52
"image_(18, 36.34934, 25.38237, 38.83499, 22.72559, 38.84388, 22.71391).jpeg",15
"image_(18, 36.35048, 25.85696, 38.89623, 22.96481, 38.90514, 22.95315).jpeg",74
"image_(18, 36.35118, 25.38006, 38.8302, 22.57496, 38.83907, 22.56326).jpeg",1
"image_(18, 36.35172, 22.9069, 38.34146, 20.74621, 38.35014, 20.73438).jpeg",33
"image_(18, 36.35455, 26.65463, 38.95274, 20.81386, 38.96142, 20.80194).jpeg",22
"image_(18, 36.35747, 25.85464, 38.88688, 22.93969, 38.89578, 22.92803).jpeg",61
"image_(18, 36.35787, 25.35379, 38.8158, 22.82318, 38.82469, 22.81151).jpeg",2
"image_(18, 36.35809, 25.85612, 38.89722, 22.96246, 38.90613, 22.9508).jpeg",13
"image_(18, 36.36229, 25.83061, 38.8901, 22.94082, 38.899, 22.92916).jpeg",77
"image_(18, 36.37185, 25.82631, 38.88994, 22.94003, 38.89885, 22.92836).jpeg",45
"image_(18, 36.38523, 22.48308, 38.31563, 24.08718, 38.32465, 24.07575).jpeg",5
"image_(18, 36.38936, 25.74989, 38.88363, 22.92185, 38.89254, 22.91019).jpeg",3
"image_(18, 36.38949, 25.74975, 38.84192, 20.71658, 38.8506, 20.70467).jpeg",2
"image_(18, 36.39267, 25.38411, 38.83527, 22.7264, 38.84416, 22.71472).jpeg",17
"image_(18, 36.3945, 25.39324, 38.84242, 22.72265, 38.8513, 22.71097).jpeg",38
"image_(18, 36.39501, 22.47976, 38.30657, 22.60943, 38.31544, 22.59783).jpeg",29
"image_(18, 36.39638, 25.38551, 38.83599, 22.72371, 38.84487, 22.71203).jpeg",20
"image_(18, 36.39707, 25.37638, 38.7504, 20.78155, 38.75908, 20.76965).jpeg",25
"image_(18, 36.4031, 22.50037, 38.2831, 21.10851, 38.29181, 21.09673).jpeg",9
"image_(18, 36.40755, 22.4687, 38.28841, 25.93266, 38.2976, 25.92147).jpeg",7
"image_(18, 36.40881, 25.40335, 38.85958, 22.56531, 38.86844, 22.5536).jpeg",3
"image_(18, 36.41111, 25.38808, 38.83995, 22.71845, 38.84884, 22.70677).jpeg",39
"image_(18, 36.41227, 25.4009, 38.80815, 20.73405, 38.81683, 20.72214).jpeg",1
"image_(18, 36.41486, 25.33952, 38.81124, 22.82247, 38.82014, 22.81081).jpeg",5
"image_(18, 36.41544, 26.58939, 38.95064, 20.82926, 38.95932, 20.81733).jpeg",40
"image_(18, 36.41806, 25.33572, 38.76761, 20.60257, 38.77627, 20.59065).jpeg",1
"image_(18, 36.41829, 26.59472, 38.95103, 20.81955, 38.95971, 20.80763).jpeg",35
"image_(18, 36.41862, 25.32934, 38.81054, 22.82232, 38.81944, 22.81066).jpeg",4
"image_(18, 36.41954, 26.62207, 38.95126, 20.83156, 38.95995, 20.81964).jpeg",37
"image_(18, 36.4283, 27.2923, 39.11451, 22.96477, 39.12342, 22.95307).jpeg",9
"image_(18, 36.42907, 22.48667, 38.31678, 24.09587, 38.3258, 24.08444).jpeg",13
"image_(18, 36.43075, 27.29309, 39.11813, 23.15992, 39.12706, 23.14824).jpeg",1
"image_(18, 36.43164, 22.49045, 38.31811, 24.09477, 38.32713, 24.08334).jpeg",19
"image_(18, 36.43457, 22.46242, 38.23942, 20.46373, 38.24807, 20.45188).jpeg",30
"image_(18, 36.43644, 22.46065, 38.23869, 20.46227, 38.24734, 20.45043).jpeg",26
"image_(18, 36.43708, 23.19139, 38.51292, 23.35371, 38.52187, 23.34216).jpeg",18
"image_(18, 36.43742, 22.4599, 38.23797, 20.46746, 38.24662, 20.45561).jpeg",30
"image_(18, 36.43747, 23.19049, 38.49138, 26.28171, 38.50061, 26.27054).jpeg",18
"image_(18, 36.43754, 25.35618, 38.81615, 22.82322, 38.82504, 22.81156).jpeg",4
"image_(18, 36.43777, 23.0951, 38.4673, 21.05757, 38.47601, 21.04575).jpeg",5
"image_(18, 36.43823, 23.17272, 38.48753, 26.28788, 38.49675, 26.27671).jpeg",41
"image_(18, 36.43962, 23.09323, 38.46694, 21.05858, 38.47565, 21.04676).jpeg",7
"image_(18, 36.43998, 23.08575, 38.45327, 21.07947, 38.46198, 21.06766).jpeg",38
"image_(18, 36.44029, 22.45927, 38.23272, 20.46933, 38.24137, 20.45749).jpeg",10
"image_(18, 36.44052, 23.09293, 38.46617, 21.05887, 38.47488, 21.04706).jpeg",6
"image_(18, 36.44074, 22.45936, 38.23658, 20.46411, 38.24523, 20.45227).jpeg",26
"image_(18, 36.44307, 23.08724, 38.4557, 21.10449, 38.46442, 21.09268).jpeg",23
"image_(18, 36.44308, 23.08738, 38.45671, 21.07271, 38.46542, 21.0609).jpeg",88
"image_(18, 36.44631, 23.08405, 38.45331, 21.10719, 38.46203, 21.09538).jpeg",14
"image_(18, 36.44655, 23.08388, 38.45343, 21.10843, 38.46214, 21.09662).jpeg",19
"image_(18, 36.44959, 23.08175, 38.4672, 26.16434, 38.47642, 26.15315).jpeg",1
"image_(18, 36.45049, 23.08157, 38.46784, 26.16438, 38.47706, 26.1532).jpeg",3
"image_(18, 36.45521, 22.98838, 38.40463, 21.08973, 38.41334, 21.07793).jpeg",45
"image_(18, 36.4573, 22.98376, 38.4006, 21.09489, 38.40931, 21.08309).jpeg",21
"image_(18, 36.45835, 25.39515, 38.84545, 22.69883, 38.85433, 22.68715).jpeg",1
"image_(18, 36.45844, 25.38958, 38.84155, 22.71892, 38.85043, 22.70724).jpeg",44
"image_(18, 36.46428, 22.92918, 38.36266, 21.04604, 38.37137, 21.03424).jpeg",67
"image_(18, 36.46814, 23.06661, 38.42197, 21.08049, 38.43068, 21.06868).jpeg",37
"image_(18, 36.46851, 22.39004, 38.25928, 24.11134, 38.2683, 24.09992).jpeg",62
"image_(18, 36.46922, 23.06672, 38.42152, 21.0828, 38.43023, 21.07099).jpeg",38
"image_(18, 36.4696, 22.39012, 38.20908, 20.48383, 38.21773, 20.47199).jpeg",14
"image_(18, 36.47011, 22.92294, 38.35485, 21.05195, 38.36356, 21.04015).jpeg",67
"image_(18, 36.47138, 22.3857, 38.20518, 20.48307, 38.21383, 20.47123).jpeg",25
"image_(18, 36.47236, 23.06465, 38.41704, 21.08716, 38.42575, 21.07536).jpeg",36
"image_(18, 36.4801, 23.06813, 38.43093, 21.09222, 38.43964, 21.08041).jpeg",26
"image_(18, 36.48252, 23.06894, 38.43168, 21.0912, 38.4404, 21.07939).jpeg",25
"image_(18, 36.48257, 25.38869, 38.84127, 22.71754, 38.85015, 22.70586).jpeg",32
"image_(18, 36.48597, 22.36365, 38.12428, 20.49452, 38.13294, 20.4827).jpeg",3
"image_(18, 36.48883, 23.15576, 38.47199, 21.10787, 38.4807, 21.09606).jpeg",5
"image_(18, 36.49051, 23.06381, 38.42545, 21.34733, 38.43419, 21.33555).jpeg",2
"image_(18, 36.49444, 22.93532, 38.36255, 21.04195, 38.37126, 21.03015).jpeg",63
"image_(18, 36.49577, 23.13912, 38.46822, 21.06008, 38.47693, 21.04827).jpeg",7
"image_(18, 36.49671, 23.06857, 38.43869, 21.05253, 38.4474, 21.04072).jpeg",13
"image_(18, 36.49761, 23.06887, 38.45725, 26.15949, 38.46647, 26.1483).jpeg",22
"image_(18, 36.50062, 23.06559, 38.41709, 21.08683, 38.4258, 21.07503).jpeg",27
"image_(18, 36.50134, 23.06712, 38.4232, 21.08042, 38.43191, 21.06862).jpeg",35
"image_(18, 36.50755, 23.05902, 38.33681, 22.39133, 38.34566, 22.37969).jpeg",9
"image_(18, 36.51033, 22.98136, 38.39282, 21.10338, 38.40153, 21.09159).jpeg",1
"image_(18, 36.52019, 22.9877, 38.40524, 21.08648, 38.41395, 21.07468).jpeg",51
"image_(18, 36.52257, 22.994, 38.40003, 21.09637, 38.40875, 21.08457).jpeg",20
"image_(18, 36.52359, 22.96809, 38.41854, 23.60826, 38.42751, 23.59675).jpeg",2
"image_(18, 36.52456, 22.9953, 38.40812, 21.08812, 38.41684, 21.07632).jpeg",48
"image_(18, 36.52456, 22.99679, 38.40478, 21.091, 38.4135, 21.0792).jpeg",48
"image_(18, 36.52457, 22.99705, 38.4161, 21.36194, 38.42484, 21.35016).jpeg",1
"image_(18, 36.52523, 23.00185, 38.41171, 21.08628, 38.42042, 21.07448).jpeg",9
"image_(18, 36.52527, 22.99726, 38.42997, 25.96216, 38.43917, 25.95095).jpeg",2
"image_(18, 36.52932, 22.36176, 38.11602, 20.49251, 38.12468, 20.48069).jpeg",5
"image_(18, 36.54817, 24.14094, 38.51383, 23.35445, 38.52278, 23.34289).jpeg",20
"image_(18, 36.55043, 26.13505, 38.89917, 22.97436, 38.90808, 22.9627).jpeg",35
"image_(18, 36.55182, 26.22404, 38.9064, 23.00432, 38.91531, 22.99267).jpeg",6
"image_(18, 36.55265, 24.14799, 38.51421, 23.35353, 38.52316, 23.34198).jpeg",30
"image_(18, 36.55303, 26.22288, 38.90459, 22.99047, 38.9135, 22.97881).jpeg",31
"image_(18, 36.55334, 26.19489, 38.91652, 21.03881, 38.92523, 21.02692).jpeg",20
"image_(18, 36.55387, 26.2218, 38.90041, 22.96982, 38.90932, 22.95816).jpeg",20
"image_(18, 36.55402, 24.1467, 38.49805, 26.27017, 38.50728, 26.25899).jpeg",12
"image_(18, 36.55502, 24.14734, 38.48402, 21.09355, 38.49273, 21.08174).jpeg",39
"image_(18, 36.55682, 26.22312, 38.90289, 22.99158, 38.9118, 22.97992).jpeg",22
"image_(18, 36.55968, 26.22366, 38.90557, 23.00557, 38.91448, 22.99391).jpeg",16
"image_(18, 36.56025, 26.39337, 38.94908, 20.86507, 38.95776, 20.85314).jpeg",10
"image_(18, 36.56053, 22.38524, 38.20486, 20.48135, 38.21352, 20.46952).jpeg",27
"image_(18, 36.56134, 26.39112, 38.94454, 20.86329, 38.95323, 20.85137).jpeg",26
"image_(18, 36.56187, 26.22239, 38.90422, 22.99301, 38.91313, 22.98135).jpeg",25
"image_(18, 36.56267, 27.13882, 39.02678, 21.12639, 39.0355, 21.11449).jpeg",19
"image_(18, 36.56305, 26.36098, 38.9381, 20.93493, 38.9468, 20.92302).jpeg",8
"image_(18, 36.56755, 26.27227, 38.94161, 24.55548, 38.95068, 24.54401).jpeg",4
"image_(18, 36.57055, 26.38886, 38.94398, 20.92862, 38.95267, 20.9167).jpeg",9
"image_(18, 36.5743, 26.26725, 38.91418, 22.92063, 38.92308, 22.90896).jpeg",33
"image_(18, 36.57858, 22.93902, 38.37569, 21.09891, 38.38441, 21.08712).jpeg",12
"image_(18, 36.57981, 26.46975, 38.95095, 20.83074, 38.95964, 20.81881).jpeg",40
"image_(18, 36.58028, 22.93832, 38.37442, 21.09789, 38.38313, 21.08609).jpeg",8
"image_(18, 36.58111, 22.37286, 38.08195, 24.27631, 38.09099, 24.26494).jpeg",46
"image_(18, 36.58128, 22.37272, 38.19502, 20.4491, 38.20367, 20.43726).jpeg",1
"image_(18, 36.58282, 26.42381, 38.9515, 20.863, 38.96019, 20.85108).jpeg",18
"image_(18, 36.58337, 27.86255, 39.15574, 23.07669, 39.16466, 23.065).jpeg",8
"image_(18, 36.58358, 22.93448, 38.36245, 21.04294, 38.37117, 21.03114).jpeg",65
"image_(18, 36.58372, 26.26097, 38.91529, 22.9019, 38.92419, 22.89023).jpeg",10
"image_(18, 36.58393, 27.12737, 39.00842, 21.14116, 39.01713, 21.12926).jpeg",22
"image_(18, 36.584, 22.37247, 38.22358, 21.72027, 38.23236, 21.70857).jpeg",1
"image_(18, 36.58497, 26.26357, 38.9141, 22.9204, 38.923, 22.90873).jpeg",23
"image_(18, 36.58533, 26.36147, 38.93738, 20.86188, 38.94607, 20.84996).jpeg",21
"image_(18, 36.58695, 26.36232, 38.93764, 20.85762, 38.94633, 20.8457).jpeg",30
"image_(18, 36.58856, 26.26333, 38.9162, 22.92832, 38.92511, 22.91665).jpeg",10
"image_(18, 36.58861, 22.92806, 38.36166, 21.04278, 38.37037, 21.03098).jpeg",69
"image_(18, 36.59094, 26.25978, 38.9141, 22.90654, 38.923, 22.89487).jpeg",23
"image_(18, 36.59274, 26.25951, 38.91373, 22.91381, 38.92263, 22.90214).jpeg",8
"image_(18, 36.59319, 24.9424, 38.66803, 20.93368, 38.67672, 20.92181).jpeg",16
"image_(18, 36.59425, 22.89939, 38.38282, 23.96421, 38.39183, 23.95275).jpeg",42
"image_(18, 36.59427, 26.26337, 38.91678, 22.91342, 38.92568, 22.90175).jpeg",9
"image_(18, 36.59454, 26.35629, 38.93561, 20.8652, 38.94429, 20.85328).jpeg",20
"image_(18, 36.59464, 22.89849, 38.36259, 22.11497, 38.37141, 22.10329).jpeg",11
"image_(18, 36.59481, 26.38168, 38.94323, 20.92956, 38.95192, 20.91765).jpeg",8
"image_(18, 36.5953, 22.3843, 38.20291, 20.48033, 38.21157, 20.4685).jpeg",26
"image_(18, 36.59534, 22.38444, 38.20292, 20.48431, 38.21157, 20.47248).jpeg",31
"image_(18, 36.59539, 22.89855, 38.38239, 24.05742, 38.39141, 24.04597).jpeg",2
"image_(18, 36.59732, 22.91494, 38.35362, 21.04928, 38.36233, 21.03749).jpeg",61
"image_(18, 36.59804, 22.89577, 38.38206, 23.9617, 38.39107, 23.95024).jpeg",57
"image_(18, 36.59867, 26.39596, 38.95002, 20.8652, 38.95871, 20.85328).jpeg",9
"image_(18, 36.59928, 27.12609, 39.01386, 26.15893, 39.02307, 26.14766).jpeg",1
"image_(18, 36.59936, 22.37034, 38.22394, 22.8167, 38.23284, 22.80513).jpeg",11
"image_(18, 36.60124, 24.90784, 38.68789, 23.41458, 38.69685, 23.40301).jpeg",28
"image_(18, 36.60343, 24.90575, 38.68738, 23.41281, 38.69634, 23.40124).jpeg",25
"image_(18, 36.60541, 22.36397, 38.18384, 22.95994, 38.19275, 22.94839).jpeg",9
"image_(18, 36.60758, 26.355, 38.93433, 20.84981, 38.94302, 20.83789).jpeg",24
"image_(18, 36.60797, 27.12761, 39.01019, 21.1412, 39.01891, 21.1293).jpeg",20
"image_(18, 36.60819, 26.45067, 38.95036, 20.81458, 38.95904, 20.80266).jpeg",29
"image_(18, 36.61008, 26.34458, 38.92459, 20.76719, 38.93327, 20.75526).jpeg",1
"image_(18, 36.61035, 23.05434, 38.31243, 21.11932, 38.32115, 21.10754).jpeg",19
"image_(18, 36.61178, 22.50221, 38.31752, 24.09478, 38.32654, 24.08335).jpeg",25
"image_(18, 36.61412, 22.88203, 38.35717, 22.40043, 38.36602, 22.38879).jpeg",29
"image_(18, 36.61441, 26.33877, 38.92409, 21.03035, 38.93279, 21.01846).jpeg",69
"image_(18, 36.61502, 22.50212, 38.30925, 22.60977, 38.31813, 22.59816).jpeg",31
"image_(18, 36.61534, 22.88175, 38.36373, 24.05342, 38.37274, 24.04198).jpeg",43
"image_(18, 36.6156, 22.52714, 38.30936, 22.60854, 38.31824, 22.59693).jpeg",32
"image_(18, 36.61586, 26.33829, 38.92374, 21.03016, 38.93244, 21.01827).jpeg",72
"image_(18, 36.6165, 22.48312, 38.31593, 24.06505, 38.32495, 24.05361).jpeg",7
"image_(18, 36.61659, 22.487, 38.31683, 24.05965, 38.32585, 24.04822).jpeg",10
"image_(18, 36.61684, 22.48577, 38.30825, 22.61135, 38.31712, 22.59975).jpeg",35
"image_(18, 36.61747, 22.49052, 38.30848, 22.61265, 38.31735, 22.60105).jpeg",31
"image_(18, 36.61836, 22.37008, 38.22759, 22.79672, 38.23649, 22.78515).jpeg",24
"image_(18, 36.61838, 22.49729, 38.3187, 24.09412, 38.32772, 24.08269).jpeg",29
"image_(18, 36.61937, 22.8757, 38.35363, 22.60966, 38.36251, 22.59804).jpeg",1
"image_(18, 36.62026, 27.0827, 38.96139, 20.79573, 38.97007, 20.7838).jpeg",40
"image_(18, 36.62118, 22.87594, 38.32723, 21.13742, 38.33595, 21.12564).jpeg",3
"image_(18, 36.62126, 22.36601, 38.20498, 24.05604, 38.214, 24.04462).jpeg",17
"image_(18, 36.62917, 25.67196, 38.82639, 20.73269, 38.83506, 20.72077).jpeg",3
"image_(18, 36.62973, 26.42133, 38.95149, 20.86357, 38.96017, 20.85165).jpeg",12
"image_(18, 36.63, 26.41951, 38.95131, 20.86545, 38.96, 20.85353).jpeg",9
"image_(18, 36.6341, 27.80855, 38.95917, 20.80508, 38.96785, 20.79315).jpeg",2
"image_(18, 36.63903, 23.03191, 38.39925, 20.60889, 38.40791, 20.59704).jpeg",17
"image_(18, 36.64432, 22.38226, 38.19715, 20.44734, 38.20579, 20.4355).jpeg",7
"image_(18, 36.64475, 22.88166, 38.33912, 21.60007, 38.34789, 21.58834).jpeg",12
"image_(18, 36.6477, 22.37271, 38.08177, 24.28003, 38.09081, 24.26866).jpeg",50
"image_(18, 36.64778, 24.32201, 38.53922, 23.33483, 38.54816, 23.32327).jpeg",35
"image_(18, 36.64857, 22.88009, 38.3624, 24.0535, 38.37142, 24.04206).jpeg",31
"image_(18, 36.64969, 22.87913, 38.36237, 24.05586, 38.37139, 24.04442).jpeg",24
"image_(18, 36.6505, 25.38419, 38.83171, 22.57499, 38.84058, 22.56329).jpeg",9
"image_(18, 36.65395, 24.3705, 38.56143, 23.32379, 38.57038, 23.31222).jpeg",16
"image_(18, 36.6541, 25.34198, 38.77738, 20.88338, 38.78608, 20.87149).jpeg",3
"image_(18, 36.65562, 22.36464, 38.14067, 20.4935, 38.14932, 20.48168).jpeg",4
"image_(18, 36.65567, 24.32, 38.53468, 23.35883, 38.54363, 23.34728).jpeg",25
"image_(18, 36.65627, 24.40946, 38.57845, 23.31592, 38.58739, 23.30435).jpeg",41
"image_(18, 36.65741, 22.36492, 38.18736, 22.92103, 38.19627, 22.90948).jpeg",12
"image_(18, 36.65856, 24.31815, 38.53464, 23.35703, 38.54359, 23.34547).jpeg",18
"image_(18, 36.66136, 22.86865, 38.36079, 24.05346, 38.36981, 24.04201).jpeg",33
"image_(18, 36.66155, 24.31816, 38.53463, 23.35371, 38.54358, 23.34215).jpeg",14
"image_(18, 36.662, 22.36212, 38.154, 21.54429, 38.16277, 21.53258).jpeg",1
"image_(18, 36.66322, 24.31817, 38.53429, 23.366, 38.54324, 23.35445).jpeg",3
"image_(18, 36.66353, 22.36118, 38.15209, 23.22717, 38.16103, 23.21566).jpeg",2
"image_(18, 36.6637, 25.07692, 38.72492, 20.58524, 38.73358, 20.57332).jpeg",8
"image_(18, 36.66397, 22.86792, 38.32586, 21.13811, 38.33458, 21.12633).jpeg",17
"image_(18, 36.66488, 22.86737, 38.32487, 21.14011, 38.33359, 21.12832).jpeg",12
"image_(18, 36.66713, 21.94614, 38.01316, 21.30692, 38.0219, 21.29521).jpeg",1
"image_(18, 36.67059, 22.85857, 38.34747, 22.39448, 38.35632, 22.38284).jpeg",14
"image_(18, 36.67192, 22.85458, 38.34945, 22.61212, 38.35832, 22.6005).jpeg",14
"image_(18, 36.67247, 25.08657, 38.72815, 20.58757, 38.73681, 20.57566).jpeg",13
"image_(18, 36.67261, 22.85143, 38.34901, 22.61084, 38.35788, 22.59923).jpeg",19
"image_(18, 36.67305, 27.12342, 39.00172, 26.60532, 39.01098, 26.59411).jpeg",32
"image_(18, 36.67492, 26.96103, 38.96804, 20.77861, 38.97671, 20.76668).jpeg",6
"image_(18, 36.67556, 26.95476, 38.96146, 20.79688, 38.97014, 20.78495).jpeg",46
"image_(18, 36.67638, 21.89423, 38.01268, 21.306, 38.02142, 21.29429).jpeg",2
"image_(18, 36.67764, 26.95349, 38.96193, 20.79276, 38.97061, 20.78083).jpeg",41
"image_(18, 36.6798, 27.12998, 39.02248, 26.5382, 39.03174, 26.52698).jpeg",18
"image_(18, 36.68057, 24.33179, 38.55509, 23.32518, 38.56403, 23.31362).jpeg",81
"image_(18, 36.68456, 22.84643, 38.34098, 22.27214, 38.34982, 22.26049).jpeg",14
"image_(18, 36.68539, 23.03942, 38.39934, 20.60736, 38.408, 20.59551).jpeg",12
"image_(18, 36.6864, 22.83902, 38.33954, 22.27662, 38.34838, 22.26496).jpeg",19
"image_(18, 36.69005, 21.94493, 38.01257, 21.30834, 38.02131, 21.29663).jpeg",3
"image_(18, 36.69079, 22.81113, 38.30721, 21.12599, 38.31593, 21.11421).jpeg",30
"image_(18, 36.69762, 22.8093, 38.33419, 22.68397, 38.34307, 22.67237).jpeg",6
"image_(18, 36.70182, 25.269, 38.76162, 23.59906, 38.77059, 23.5875).jpeg",2
"image_(18, 36.70236, 24.40208, 38.58102, 23.31339, 38.58997, 23.30182).jpeg",37
"image_(18, 36.70251, 25.38823, 38.84076, 22.72248, 38.84964, 22.7108).jpeg",42
"image_(18, 36.70256, 24.40431, 38.58317, 23.32023, 38.59212, 23.30866).jpeg",8
"image_(18, 36.70304, 24.40338, 38.58167, 23.32007, 38.59062, 23.30851).jpeg",35
"image_(18, 36.7062, 22.81931, 38.33879, 22.3967, 38.34764, 22.38506).jpeg",2
"image_(18, 36.71136, 22.8208, 38.32976, 21.77626, 38.33855, 21.76455).jpeg",1
"image_(18, 36.7141, 22.81995, 38.31436, 21.11932, 38.32308, 21.10754).jpeg",16
"image_(18, 36.71688, 21.79765, 38.01169, 21.30773, 38.02043, 21.29602).jpeg",1
"image_(18, 36.71736, 24.32654, 38.54793, 23.33075, 38.55688, 23.31919).jpeg",6
"image_(18, 36.71929, 25.24405, 38.73493, 20.58865, 38.74359, 20.57674).jpeg",1
"image_(18, 36.72044, 25.24509, 38.737, 20.58915, 38.74566, 20.57723).jpeg",1
"image_(18, 36.72057, 22.33549, 38.08338, 24.21747, 38.09241, 24.2061).jpeg",26
"image_(18, 36.72097, 21.87497, 37.99957, 21.30002, 38.00831, 21.28831).jpeg",1
"image_(18, 36.72273, 22.81802, 38.33703, 22.39026, 38.34588, 22.37863).jpeg",8
"image_(18, 36.73062, 24.33545, 38.47786, 21.03802, 38.48657, 21.0262).jpeg",6
"image_(18, 36.73159, 23.04018, 38.41918, 21.36068, 38.42792, 21.34891).jpeg",6
"image_(18, 36.7318, 22.81402, 38.30865, 21.12596, 38.31737, 21.11418).jpeg",23
"image_(18, 36.73303, 24.33763, 38.56082, 23.3248, 38.56976, 23.31324).jpeg",15
"image_(18, 36.73313, 23.04002, 38.41888, 21.35954, 38.42762, 21.34777).jpeg",1
"image_(18, 36.73368, 24.37761, 38.53844, 21.01543, 38.54715, 21.0036).jpeg",10
"image_(18, 36.73608, 24.39201, 38.57764, 23.31338, 38.58659, 23.30181).jpeg",48
"image_(18, 36.73644, 26.9207, 38.91564, 20.75313, 38.92432, 20.74121).jpeg",21
"image_(18, 36.73764, 24.34049, 38.5642, 23.3186, 38.57314, 23.30703).jpeg",12
"image_(18, 36.73813, 24.33734, 38.56043, 23.60491, 38.56941, 23.59338).jpeg",1
"image_(18, 36.73975, 24.33716, 38.5564, 23.32396, 38.56534, 23.3124).jpeg",82
"image_(18, 36.74078, 24.339, 38.55345, 25.56016, 38.56261, 25.54888).jpeg",1
"image_(18, 36.74087, 24.41419, 38.5988, 23.34632, 38.60774, 23.33475).jpeg",46
"image_(18, 36.74107, 22.32609, 38.07179, 24.29071, 38.08083, 24.27934).jpeg",36
"image_(18, 36.74352, 22.3233, 38.0697, 24.28962, 38.07874, 24.27826).jpeg",41
"image_(18, 36.74491, 26.92044, 38.92185, 21.03399, 38.93056, 21.0221).jpeg",76
"image_(18, 36.74628, 24.34754, 38.534, 21.0172, 38.54271, 21.00536).jpeg",5
"image_(18, 36.74968, 22.7985, 38.29853, 21.10806, 38.30725, 21.09627).jpeg",25
"image_(18, 36.75084, 24.44531, 38.60515, 23.34611, 38.61409, 23.33454).jpeg",10
"image_(18, 36.7521, 21.85659, 38.02382, 22.85514, 38.03272, 22.84361).jpeg",1
"image_(18, 36.75228, 22.32084, 38.07098, 24.29078, 38.08002, 24.27942).jpeg",44
"image_(18, 36.75239, 21.70343, 37.96953, 24.0208, 37.97854, 24.00942).jpeg",9
"image_(18, 36.75269, 24.48842, 38.59254, 21.02643, 38.60124, 21.01459).jpeg",1
"image_(18, 36.75304, 24.40413, 38.58226, 23.31875, 38.59121, 23.30719).jpeg",11
"image_(18, 36.75307, 22.57131, 38.28716, 21.10823, 38.29588, 21.09645).jpeg",46
"image_(18, 36.75623, 27.00725, 39.00072, 26.17387, 39.00994, 26.16261).jpeg",1
"image_(18, 36.75732, 22.31799, 38.06718, 24.2897, 38.07622, 24.27833).jpeg",50
"image_(18, 36.75736, 21.69564, 37.96531, 23.30264, 37.97426, 23.29117).jpeg",1
"image_(18, 36.75741, 24.61429, 38.66388, 23.09418, 38.6728, 23.08257).jpeg",9
"image_(18, 36.75803, 24.41077, 38.5518, 21.01937, 38.56051, 21.00753).jpeg",15
"image_(18, 36.75817, 24.41066, 38.5959, 23.34432, 38.60485, 23.33275).jpeg",31
"image_(18, 36.75917, 21.69538, 37.96456, 23.30586, 37.97351, 23.29439).jpeg",2
"image_(18, 36.76032, 24.41104, 38.59677, 23.34471, 38.60572, 23.33314).jpeg",24
"image_(18, 36.76072, 24.50761, 38.6005, 21.02782, 38.60921, 21.01598).jpeg",14
"image_(18, 36.76406, 24.50692, 38.58293, 20.63806, 38.5916, 20.62617).jpeg",7
"image_(18, 36.76412, 23.0974, 38.48634, 26.15402, 38.49555, 26.14283).jpeg",7
"image_(18, 36.76416, 24.40933, 38.58388, 23.32067, 38.59282, 23.3091).jpeg",8
"image_(18, 36.76441, 24.40955, 38.55002, 21.02006, 38.55873, 21.00823).jpeg",19
"image_(18, 36.76511, 21.84084, 38.00142, 24.28975, 38.01046, 24.27839).jpeg",7
"image_(18, 36.76726, 24.52136, 38.6036, 20.88114, 38.61229, 20.86928).jpeg",76
"image_(18, 36.7676, 24.51363, 38.6038, 21.02336, 38.61251, 21.01152).jpeg",18
"image_(18, 36.76818, 22.56428, 38.32011, 24.07997, 38.32913, 24.06854).jpeg",24
"image_(18, 36.76977, 24.5235, 38.60493, 20.88004, 38.61362, 20.86818).jpeg",62
"image_(18, 36.77051, 25.25977, 38.75499, 20.88656, 38.76369, 20.87468).jpeg",5
"image_(18, 36.77103, 23.60473, 38.49286, 26.27492, 38.50209, 26.26374).jpeg",2
"image_(18, 36.77118, 24.41892, 38.59759, 23.34532, 38.60654, 23.33376).jpeg",42
"image_(18, 36.77879, 24.23178, 38.50526, 26.15781, 38.51448, 26.14662).jpeg",17
"image_(18, 36.77943, 24.53189, 38.61151, 21.01752, 38.62021, 21.00568).jpeg",9
"image_(18, 36.7804, 24.38911, 38.53949, 21.01448, 38.5482, 21.00265).jpeg",8
"image_(18, 36.78061, 24.22288, 38.48417, 21.02917, 38.49288, 21.01735).jpeg",14
"image_(18, 36.78138, 24.53083, 38.6106, 21.01675, 38.61931, 21.00491).jpeg",9
"image_(18, 36.7824, 25.83724, 38.89436, 22.95383, 38.90326, 22.94217).jpeg",28
"image_(18, 36.7829, 24.39886, 38.57792, 23.31431, 38.58687, 23.30274).jpeg",37
"image_(18, 36.78489, 23.09226, 38.48268, 26.14602, 38.49189, 26.13483).jpeg",36
"image_(18, 36.78507, 25.85811, 38.89758, 22.96358, 38.90649, 22.95192).jpeg",30
"image_(18, 36.78558, 25.85585, 38.88698, 22.94283, 38.89589, 22.93117).jpeg",58
"image_(18, 36.78561, 23.09259, 38.4655, 21.05986, 38.47421, 21.04804).jpeg",6
"image_(18, 36.78561, 25.27171, 38.75693, 20.72723, 38.7656, 20.71532).jpeg",4
"image_(18, 36.78594, 21.75838, 37.98288, 24.40196, 37.99194, 24.39062).jpeg",4
"image_(18, 36.78732, 23.07892, 38.46606, 26.15677, 38.47527, 26.14558).jpeg",13
"image_(18, 36.78938, 25.28057, 38.76115, 20.82642, 38.76983, 20.81453).jpeg",6
"image_(18, 36.78942, 26.90464, 37.8153, 23.2591, 37.82424, 23.24765).jpeg",10
"image_(18, 36.78976, 24.2224, 38.48342, 21.04091, 38.49213, 21.02909).jpeg",50
"image_(18, 36.79046, 24.53072, 38.64444, 23.11729, 38.65336, 23.10568).jpeg",11
"image_(18, 36.79088, 22.59707, 38.28798, 21.10891, 38.2967, 21.09713).jpeg",32
"image_(18, 36.79231, 21.75769, 36.90632, 25.59324, 36.91548, 25.58221).jpeg",1
"image_(18, 36.79411, 22.78574, 38.33146, 23.77817, 38.34045, 23.7667).jpeg",1
"image_(18, 36.79434, 23.08967, 38.48246, 26.13575, 38.49168, 26.12455).jpeg",1
"image_(18, 36.79562, 24.52598, 38.60551, 20.88062, 38.61421, 20.86876).jpeg",65
"image_(18, 36.79672, 25.7649, 38.8877, 22.94222, 38.89661, 22.93055).jpeg",68
"image_(18, 36.79697, 24.52264, 38.60453, 20.87981, 38.61322, 20.86795).jpeg",70
"image_(18, 36.79764, 24.22075, 38.48339, 21.04009, 38.4921, 21.02827).jpeg",44
"image_(18, 36.80115, 24.22334, 38.48731, 21.09152, 38.49602, 21.0797).jpeg",21
"image_(18, 36.80115, 24.22357, 38.50492, 26.15966, 38.51414, 26.14846).jpeg",17
"image_(18, 36.80292, 23.89354, 38.47753, 21.03843, 38.48624, 21.02661).jpeg",16
"image_(18, 36.80381, 22.67457, 37.01668, 22.12616, 37.02552, 22.1147).jpeg",1
"image_(18, 36.80756, 24.52007, 38.60442, 21.02504, 38.61313, 21.0132).jpeg",30
"image_(18, 36.80771, 25.74038, 37.64853, 24.2983, 37.65757, 24.287).jpeg",1
"image_(18, 36.81043, 24.52026, 37.38431, 23.06779, 37.39323, 23.05638).jpeg",30
"image_(18, 36.81103, 23.08549, 37.03202, 26.92693, 37.0413, 26.91605).jpeg",14
"image_(18, 36.82294, 24.52041, 37.38399, 23.06789, 37.39291, 23.05648).jpeg",35
"image_(18, 36.82567, 25.46656, 37.55777, 26.45474, 37.56701, 26.44372).jpeg",1
"image_(18, 36.83793, 23.88648, 37.30338, 23.20832, 37.31232, 23.19694).jpeg",1
"image_(18, 36.84049, 23.05679, 37.06175, 25.09866, 37.07086, 25.08754).jpeg",2
"image_(18, 36.84525, 24.56695, 37.4715, 23.03703, 37.48042, 23.02561).jpeg",33
"image_(18, 36.84665, 23.88746, 37.30198, 23.20854, 37.31091, 23.19717).jpeg",2
"image_(18, 36.84683, 22.25534, 36.96471, 27.05302, 36.974, 27.04216).jpeg",15
"image_(18, 36.85677, 22.25518, 36.96419, 27.05453, 36.97348, 27.04367).jpeg",15
"image_(18, 36.8586, 22.25062, 36.96314, 27.05312, 36.97243, 27.04226).jpeg",30
"image_(18, 36.86008, 22.24512, 36.96212, 27.0521, 36.97141, 27.04124).jpeg",45
"image_(18, 36.86396, 22.24737, 36.96562, 26.93856, 36.9749, 26.92769).jpeg",1
"image_(18, 36.86515, 22.24667, 36.9623, 27.05225, 36.97159, 27.04139).jpeg",29
"image_(18, 36.86834, 22.24226, 36.97857, 26.28866, 36.9878, 26.2777).jpeg",1
"image_(18, 36.8689, 22.24103, 36.95956, 27.0483, 36.96885, 27.03744).jpeg",33
"image_(18, 36.87184, 22.23928, 36.9596, 27.04862, 36.96889, 27.03776).jpeg",41
"image_(18, 36.87322, 22.23921, 36.95928, 27.04791, 36.96857, 27.03705).jpeg",35
"image_(18, 36.87894, 22.23284, 36.95819, 27.04311, 36.96748, 27.03225).jpeg",18
"image_(18, 36.88355, 22.23389, 36.97423, 21.6594, 36.98301, 21.6479).jpeg",2
"image_(18, 36.88503, 22.23265, 36.96051, 26.93188, 36.96979, 26.921).jpeg",1
"image_(18, 36.89012, 22.16862, 36.94282, 27.03861, 36.95211, 27.02775).jpeg",9
"image_(18, 36.89085, 25.51786, 37.60632, 23.32215, 37.61527, 23.31073).jpeg",34
"image_(18, 36.89188, 26.06296, 37.6937, 20.98808, 37.70241, 20.97639).jpeg",1
"image_(18, 36.89327, 26.08227, 37.73387, 23.13388, 37.7428, 23.12242).jpeg",25
"image_(18, 36.89331, 26.01826, 37.71095, 23.16561, 37.71989, 23.15417).jpeg",3
"image_(18, 36.8936, 27.30084, 37.95475, 24.39225, 37.9638, 24.38092).jpeg",4
"image_(18, 36.89482, 26.02139, 37.71166, 23.16654, 37.72059, 23.15509).jpeg",7
"image_(18, 36.89499, 22.18754, 36.94301, 27.0353, 36.9523, 27.02444).jpeg",8
"image_(18, 36.89502, 26.02235, 37.71334, 23.1731, 37.72227, 23.16165).jpeg",12
"image_(18, 36.8958, 26.02521, 37.714, 23.18333, 37.72293, 23.17189).jpeg",43
"image_(18, 36.89619, 26.03116, 37.71515, 23.15845, 37.72408, 23.14701).jpeg",29
"image_(18, 36.89628, 26.03457, 37.71847, 23.15207, 37.7274, 23.14063).jpeg",20
"image_(18, 36.89628, 26.05523, 37.72662, 23.13101, 37.73555, 23.11956).jpeg",44
"image_(18, 36.89659, 22.21022, 36.95349, 27.04668, 36.96278, 27.03582).jpeg",12
"image_(18, 36.89858, 22.15308, 36.94255, 27.04137, 36.95184, 27.03051).jpeg",3
"image_(18, 36.89906, 26.0515, 37.72308, 23.13906, 37.73201, 23.12761).jpeg",18
"image_(18, 36.90399, 22.20326, 36.96595, 21.93829, 36.97476, 21.92681).jpeg",1
"image_(18, 36.9084, 26.0596, 37.72674, 23.12939, 37.73567, 23.11793).jpeg",47
"image_(18, 36.90845, 24.69571, 37.47168, 23.03712, 37.4806, 23.0257).jpeg",25
"image_(18, 36.90861, 23.4593, 37.25415, 21.66895, 37.26294, 21.6574).jpeg",16
"image_(18, 36.91043, 24.69424, 37.47131, 23.03702, 37.48023, 23.0256).jpeg",22
"image_(18, 36.91056, 26.05415, 37.69607, 21.32257, 37.70482, 21.31092).jpeg",4
"image_(18, 36.91066, 24.69393, 37.47083, 23.03712, 37.47975, 23.0257).jpeg",32
"image_(18, 36.91177, 23.45831, 37.25256, 21.6704, 37.26134, 21.65885).jpeg",4
"image_(18, 36.91289, 21.66652, 36.83295, 21.70093, 36.84174, 21.68945).jpeg",2
"image_(18, 36.91299, 24.69313, 37.46976, 23.0404, 37.47868, 23.02898).jpeg",34
"image_(18, 36.91481, 26.04366, 37.68214, 20.87035, 37.69084, 20.85865).jpeg",3
"image_(18, 36.91532, 24.69162, 37.46997, 23.05146, 37.47889, 23.04003).jpeg",1
"image_(18, 36.9168, 23.45639, 37.26283, 23.28374, 37.27178, 23.27238).jpeg",17
"image_(18, 36.91778, 24.69142, 37.46961, 23.05075, 37.47854, 23.03933).jpeg",5
"image_(18, 36.91779, 24.69159, 37.4698, 23.0392, 37.47872, 23.02778).jpeg",24
"image_(18, 36.91904, 23.46026, 37.25286, 21.67196, 37.26164, 21.66042).jpeg",4
"image_(18, 36.92203, 24.68802, 37.46692, 23.03286, 37.47584, 23.02143).jpeg",9
"image_(18, 36.92278, 24.68719, 37.46608, 23.0288, 37.475, 23.01738).jpeg",13
"image_(18, 36.92592, 26.94074, 37.88738, 24.71543, 37.89646, 24.70415).jpeg",6
"image_(18, 36.92803, 26.93962, 37.83712, 20.63289, 37.84579, 20.62114).jpeg",3
"image_(18, 36.93012, 26.00231, 37.70209, 23.17644, 37.71102, 23.16499).jpeg",15
"image_(18, 36.93113, 26.94052, 37.8861, 23.41896, 37.89505, 23.40752).jpeg",1
"image_(18, 36.93248, 26.01955, 37.68187, 26.7625, 37.69114, 26.7515).jpeg",4
"image_(18, 36.93303, 27.15721, 37.95038, 23.42871, 37.95934, 23.41726).jpeg",5
"image_(18, 36.93464, 26.01494, 37.70907, 23.18145, 37.718, 23.17001).jpeg",21
"image_(18, 36.93557, 24.68109, 37.45748, 25.49798, 37.46663, 25.48686).jpeg",2
"image_(18, 36.93861, 21.65879, 36.81484, 21.70672, 36.82363, 21.69525).jpeg",1
"image_(18, 36.94082, 25.06671, 37.49583, 22.92829, 37.50474, 22.91685).jpeg",19
"image_(18, 36.94151, 24.67802, 37.45952, 23.01556, 37.46844, 23.00414).jpeg",9
"image_(18, 36.94386, 25.07575, 37.49765, 22.92313, 37.50656, 22.91169).jpeg",66
"image_(18, 36.94679, 26.99074, 37.85863, 20.62936, 37.86731, 20.6176).jpeg",1
"image_(18, 36.9472, 27.03594, 37.91362, 23.02847, 37.92254, 23.01697).jpeg",1
"image_(18, 36.94766, 26.92606, 37.77931, 20.90904, 37.78802, 20.89733).jpeg",6
"image_(18, 36.94802, 24.67668, 37.45847, 23.05376, 37.4674, 23.04234).jpeg",32
"image_(18, 36.9482, 26.92085, 37.81113, 23.81935, 37.82012, 23.80797).jpeg",1
"image_(18, 36.94834, 26.98476, 37.90046, 24.91366, 37.90956, 24.9024).jpeg",1
"image_(18, 36.95301, 25.05747, 37.46171, 27.00086, 37.47099, 26.98993).jpeg",13
"image_(18, 36.95431, 26.91106, 37.80117, 23.18156, 37.8101, 23.1701).jpeg",27
"image_(18, 36.95549, 25.53006, 37.60661, 23.31446, 37.61555, 23.30305).jpeg",22
"image_(18, 36.95566, 24.95961, 37.49001, 22.93921, 37.49892, 22.92778).jpeg",54
"image_(18, 36.95636, 22.14259, 36.92838, 27.16263, 36.93768, 27.15179).jpeg",8
"image_(18, 36.95674, 25.0524, 37.46215, 27.00235, 37.47144, 26.99142).jpeg",13
"image_(18, 36.95718, 24.98035, 37.4912, 22.93785, 37.50011, 22.92641).jpeg",56
"image_(18, 36.9576, 24.9807, 37.49133, 22.9399, 37.50024, 22.92846).jpeg",42
"image_(18, 36.95814, 27.04125, 37.91633, 24.68963, 37.92541, 24.67834).jpeg",5
"image_(18, 36.95898, 27.03251, 37.91207, 23.09805, 37.921, 23.08656).jpeg",1
"image_(18, 36.96064, 25.04729, 37.49523, 22.92919, 37.50414, 22.91775).jpeg",28
"image_(18, 36.96392, 27.04216, 37.92403, 23.42158, 37.93298, 23.41013).jpeg",29
"image_(18, 36.96392, 27.04248, 37.92406, 23.42266, 37.93302, 23.41122).jpeg",23
"image_(18, 36.96401, 25.04615, 37.46139, 27.00505, 37.47067, 26.99411).jpeg",14
"image_(18, 36.96451, 27.04207, 37.91638, 24.69288, 37.92546, 24.68158).jpeg",61
"image_(18, 36.96515, 26.92644, 37.81446, 23.16419, 37.82339, 23.15273).jpeg",23
"image_(18, 36.96603, 22.14019, 36.93754, 21.69402, 36.94633, 21.68253).jpeg",2
"image_(18, 36.96785, 24.98321, 37.49511, 23.45296, 37.50407, 23.44158).jpeg",3
"image_(18, 36.96855, 24.66787, 37.4452, 23.07304, 37.45412, 23.06162).jpeg",14
"image_(18, 36.97131, 26.29139, 37.7228, 21.31179, 37.73155, 21.30013).jpeg",14
"image_(18, 36.97293, 26.92974, 37.79173, 26.68941, 37.801, 26.67839).jpeg",1
"image_(18, 36.97448, 27.03532, 37.91511, 23.41422, 37.92406, 23.40277).jpeg",1
"image_(18, 36.9747, 27.03547, 37.91479, 24.69674, 37.92387, 24.68545).jpeg",71
"image_(18, 36.97653, 26.30225, 37.75359, 23.18017, 37.76252, 23.16872).jpeg",3
"image_(18, 36.97911, 26.26632, 37.74295, 23.43004, 37.75191, 23.41862).jpeg",13
"image_(18, 36.98009, 26.30492, 37.75411, 23.18069, 37.76304, 23.16924).jpeg",4
"image_(18, 36.98063, 21.652, 36.80945, 21.72496, 36.81824, 21.71349).jpeg",1
"image_(18, 36.98207, 26.2755, 37.70565, 20.7577, 37.71434, 20.74598).jpeg",2
"image_(18, 36.98227, 26.2754, 37.70989, 20.97022, 37.71859, 20.95852).jpeg",5
"image_(18, 36.98326, 25.6883, 37.64536, 24.10845, 37.65439, 24.09713).jpeg",2
"image_(18, 36.98508, 26.27141, 37.69784, 20.76383, 37.70652, 20.75211).jpeg",3
"image_(18, 36.98835, 24.66257, 37.44449, 25.33217, 37.45363, 25.32103).jpeg",8
"image_(18, 36.99898, 26.46192, 37.85182, 24.78977, 37.86091, 24.7785).jpeg",1
"image_(18, 36.99973, 26.42531, 37.79024, 26.67574, 37.7995, 26.66471).jpeg",1
"image_(18, 37.00186, 26.90632, 37.75474, 20.70144, 37.76342, 20.68971).jpeg",19
"image_(18, 37.00632, 25.02244, 37.45989, 27.00577, 37.46918, 26.99483).jpeg",12
"image_(18, 37.00726, 26.94008, 37.88482, 23.42564, 37.89378, 23.41419).jpeg",31
"image_(18, 37.0095, 27.01099, 37.90799, 23.05867, 37.91691, 23.04718).jpeg",1
"image_(18, 37.01058, 25.02087, 37.49266, 22.93409, 37.50157, 22.92265).jpeg",44
"image_(18, 37.01114, 27.01194, 37.90817, 23.06002, 37.91709, 23.04853).jpeg",1
"image_(18, 37.01252, 25.07689, 37.49797, 22.91906, 37.50688, 22.90762).jpeg",68
"image_(18, 37.01382, 27.02981, 37.90939, 23.06065, 37.91831, 23.04916).jpeg",2
"image_(18, 37.01503, 24.65171, 37.42622, 24.94693, 37.43533, 24.93575).jpeg",2
"image_(18, 37.01508, 27.02995, 37.91095, 23.09265, 37.91988, 23.08117).jpeg",3
"image_(18, 37.01778, 24.65143, 37.41712, 25.41673, 37.42627, 25.4056).jpeg",2
"image_(18, 37.01981, 23.00447, 37.0601, 25.09528, 37.06921, 25.08416).jpeg",2
"image_(18, 37.02091, 22.11264, 36.92663, 21.66723, 36.93541, 21.65574).jpeg",1
"image_(18, 37.02333, 22.10592, 36.93931, 25.0813, 36.94842, 25.07019).jpeg",4
"image_(18, 37.02439, 25.36229, 37.54632, 23.48788, 37.55528, 23.4765).jpeg",37
"image_(18, 37.02837, 26.95587, 37.85319, 23.15331, 37.86212, 23.14184).jpeg",11
"image_(18, 37.03015, 26.9555, 37.85298, 23.14845, 37.86191, 23.13698).jpeg",12
"image_(18, 37.03017, 26.9557, 37.88584, 23.41689, 37.8948, 23.40544).jpeg",2
"image_(18, 37.03642, 21.6041, 36.81257, 25.75854, 36.82174, 25.74754).jpeg",1
"image_(18, 37.03705, 26.92125, 37.77564, 26.90014, 37.78492, 26.88915).jpeg",1
"image_(18, 37.03807, 24.65174, 37.42776, 24.94969, 37.43686, 24.9385).jpeg",1
"image_(18, 37.03947, 25.08696, 37.4682, 26.99801, 37.47748, 26.98707).jpeg",15
"image_(18, 37.04176, 21.54802, 36.7973, 25.74913, 36.80648, 25.73813).jpeg",3
"image_(18, 37.04675, 26.91822, 37.80417, 23.26854, 37.81311, 23.25709).jpeg",11
"image_(18, 37.04743, 26.91815, 37.80405, 23.26818, 37.81299, 23.25673).jpeg",8
"image_(18, 37.057, 26.96531, 37.89951, 24.90631, 37.90861, 24.89505).jpeg",1
"image_(18, 37.05804, 26.90839, 37.79884, 23.2641, 37.80779, 23.25265).jpeg",9
"image_(18, 37.06466, 25.08972, 37.46917, 27.00223, 37.47846, 26.99129).jpeg",10
"image_(18, 37.06631, 25.0931, 37.46971, 26.99419, 37.479, 26.98325).jpeg",13
"image_(18, 37.0686, 22.97832, 37.03297, 21.60585, 37.04175, 21.59433).jpeg",1
"image_(18, 37.07219, 22.97225, 37.04611, 25.32237, 37.05524, 25.31128).jpeg",3
"image_(18, 37.08709, 25.339, 37.51224, 26.50767, 37.52149, 26.49667).jpeg",1
"image_(18, 37.08847, 25.35984, 37.54509, 23.48664, 37.55405, 23.47525).jpeg",41
"image_(18, 37.08929, 25.81386, 37.66325, 23.95091, 37.67226, 23.93956).jpeg",12
"image_(18, 37.09095, 25.35713, 37.48571, 22.94271, 37.49463, 22.93127).jpeg",1
"image_(18, 37.09322, 25.68865, 37.6479, 23.96688, 37.65691, 23.95554).jpeg",8
"image_(18, 37.10485, 25.37409, 37.55452, 23.37285, 37.56347, 23.36145).jpeg",2
"image_(18, 37.11016, 26.83161, 37.77176, 24.9599, 37.78086, 24.94866).jpeg",3
"image_(18, 37.11236, 26.82342, 37.77103, 23.18201, 37.77996, 23.17055).jpeg",16
"image_(18, 37.11595, 26.82749, 37.77138, 23.18285, 37.78031, 23.1714).jpeg",16
"image_(18, 37.11732, 26.90091, 37.79248, 23.18339, 37.80142, 23.17193).jpeg",22
"image_(18, 37.11744, 26.81458, 37.76074, 23.16609, 37.76967, 23.15464).jpeg",11
"image_(18, 37.12077, 26.81242, 37.76035, 23.16326, 37.76928, 23.15181).jpeg",13
"image_(18, 37.12575, 24.45812, 37.34615, 23.07639, 37.35508, 23.06499).jpeg",6
"image_(18, 37.12616, 25.23745, 37.53077, 23.47973, 37.53973, 23.46835).jpeg",23
"image_(18, 37.12665, 25.24661, 37.53256, 23.47136, 37.54153, 23.45998).jpeg",8
"image_(18, 37.12701, 25.81084, 37.6632, 23.95253, 37.6722, 23.94118).jpeg",14
"image_(18, 37.13385, 25.8245, 37.66345, 23.94995, 37.67246, 23.9386).jpeg",14
"image_(18, 37.13391, 24.41767, 37.31988, 23.18677, 37.32881, 23.17538).jpeg",8
"image_(18, 37.14255, 24.42605, 37.31873, 22.82983, 37.32763, 22.81841).jpeg",38
"image_(18, 37.14519, 22.89382, 37.01932, 22.11127, 37.02815, 22.09981).jpeg",2
"image_(18, 37.14839, 26.80357, 37.75786, 23.16269, 37.76679, 23.15124).jpeg",15
"image_(18, 37.14983, 24.42349, 37.31922, 22.82409, 37.32812, 22.81267).jpeg",16
"image_(18, 37.15221, 25.2635, 37.50809, 26.49287, 37.51733, 26.48187).jpeg",3
"image_(18, 37.1532, 25.2904, 37.53156, 22.9133, 37.54047, 22.90186).jpeg",2
"image_(18, 37.15543, 26.7951, 37.75721, 23.17758, 37.76614, 23.16613).jpeg",3
"image_(18, 37.15978, 25.46866, 37.57854, 22.75308, 37.58743, 22.74161).jpeg",2
"image_(18, 37.16056, 25.46811, 37.57822, 22.75328, 37.58711, 22.7418).jpeg",2
"image_(18, 37.17476, 24.4318, 37.2979, 26.60848, 37.30715, 26.59752).jpeg",2
"image_(18, 37.17773, 26.76679, 37.8669, 23.0846, 37.87583, 23.07312).jpeg",3
"image_(18, 37.1907, 26.76534, 37.86456, 23.08062, 37.87348, 23.06914).jpeg",5
"image_(18, 37.19173, 26.80752, 37.75905, 23.16474, 37.76799, 23.15328).jpeg",17
"image_(18, 37.19396, 26.75588, 37.86361, 23.07889, 37.87254, 23.0674).jpeg",7
"image_(18, 37.19405, 26.75753, 37.8637, 23.07955, 37.87262, 23.06807).jpeg",3
"image_(18, 37.20066, 24.45919, 37.34559, 22.80547, 37.35449, 22.79404).jpeg",36
"image_(18, 37.20542, 24.47195, 37.3471, 22.80535, 37.356, 22.79391).jpeg",25
"image_(18, 37.22906, 23.15718, 37.08375, 26.89387, 37.09302, 26.88297).jpeg",1
"image_(18, 37.23773, 23.12658, 37.09594, 22.96434, 37.10485, 22.95296).jpeg",2
"image_(18, 37.24527, 22.86886, 37.01841, 22.12162, 37.02724, 22.11016).jpeg",1
"image_(18, 37.24554, 23.16674, 37.11479, 26.81376, 37.12406, 26.80285).jpeg",2
"image_(18, 37.24614, 23.12001, 37.08638, 25.36267, 37.09552, 25.35158).jpeg",3
"image_(18, 37.24863, 23.11434, 37.0839, 25.36538, 37.09304, 25.35429).jpeg",4
"image_(18, 37.25084, 26.71918, 37.85445, 23.1533, 37.86338, 23.14183).jpeg",15
"image_(18, 37.25198, 23.16636, 37.11257, 26.83402, 37.12184, 26.82312).jpeg",31
"image_(18, 37.25502, 23.11057, 37.08252, 25.34454, 37.09166, 25.33345).jpeg",3
"image_(18, 37.25785, 23.10923, 37.07487, 25.13471, 37.08399, 25.12359).jpeg",5
"image_(18, 37.26396, 26.75116, 37.86173, 23.08898, 37.87065, 23.0775).jpeg",52
"image_(18, 37.26549, 23.10528, 37.07475, 25.09955, 37.08387, 25.08843).jpeg",2
"image_(18, 37.26751, 23.28015, 37.18854, 26.80126, 37.19781, 26.79034).jpeg",12
"image_(18, 37.26845, 23.15668, 37.11033, 24.51558, 37.1194, 24.50438).jpeg",25
"image_(18, 37.27502, 26.74764, 37.86134, 23.09, 37.87026, 23.07852).jpeg",35
"image_(18, 37.2781, 26.54326, 37.85175, 23.14813, 37.86068, 23.13666).jpeg",12
"image_(18, 37.2813, 27.08036, 36.79252, 25.31586, 36.80166, 25.30481).jpeg",3
"image_(18, 37.28251, 26.54369, 37.85182, 23.14921, 37.86075, 23.13773).jpeg",12
"image_(18, 37.28544, 23.17591, 37.15836, 24.4416, 37.16742, 24.43039).jpeg",4
"image_(18, 37.28864, 23.16793, 37.11764, 26.81701, 37.12691, 26.8061).jpeg",2
"image_(18, 37.29286, 26.73982, 36.76931, 24.43272, 36.77837, 24.42157).jpeg",2
"image_(18, 37.29531, 23.37708, 37.20023, 26.78925, 37.2095, 26.77832).jpeg",5
"image_(18, 37.29557, 23.15125, 37.10616, 24.50994, 37.11522, 24.49874).jpeg",5
"image_(18, 37.29621, 23.36747, 37.19455, 26.79858, 37.20382, 26.78766).jpeg",5
"image_(18, 37.30128, 23.13881, 37.073, 25.14035, 37.08212, 25.12924).jpeg",1
"image_(18, 37.30305, 23.20079, 37.18058, 26.77656, 37.18985, 26.76563).jpeg",20
"image_(18, 37.30317, 23.14038, 37.07333, 25.10564, 37.08245, 25.09452).jpeg",4
"image_(18, 37.30337, 23.14397, 37.09641, 22.96559, 37.10533, 22.95422).jpeg",2
"image_(18, 37.30494, 23.37636, 37.19715, 26.78419, 37.20642, 26.77326).jpeg",6
"image_(18, 37.306, 24.5226, 37.38838, 24.88785, 37.39748, 24.87666).jpeg",1
"image_(18, 37.3065, 27.08972, 36.78154, 21.76411, 36.79034, 21.75265).jpeg",7
"image_(18, 37.30676, 23.13836, 37.0868, 22.97175, 37.09571, 22.96037).jpeg",16
"image_(18, 37.30785, 23.20263, 37.18478, 26.80776, 37.19405, 26.79684).jpeg",3
"image_(18, 37.31771, 23.50231, 35.29137, 25.43761, 35.30051, 25.42678).jpeg",1
"image_(18, 37.32155, 24.42413, 35.58627, 24.08315, 35.59529, 24.07212).jpeg",1
"image_(18, 37.32333, 24.41536, 35.56628, 23.58749, 35.57525, 23.5764).jpeg",1
"image_(18, 37.33174, 26.53291, 36.65713, 22.82244, 36.66603, 22.81111).jpeg",1
"image_(18, 37.34095, 26.53691, 36.61647, 27.87988, 36.62582, 27.86917).jpeg",1
"image_(18, 37.34476, 23.24124, 34.92086, 24.77737, 34.92994, 24.7665).jpeg",5
"image_(18, 37.3451, 23.23417, 34.87694, 25.73091, 34.88611, 25.72016).jpeg",1
"image_(18, 37.37493, 24.90963, 35.78051, 27.16874, 35.7898, 27.15805).jpeg",1
"image_(18, 37.37509, 25.21537, 36.16779, 22.94227, 36.17671, 22.93103).jpeg",1
"image_(18, 37.39129, 24.47869, 35.62815, 27.16873, 35.63744, 27.15806).jpeg",1
"image_(18, 37.39313, 24.45914, 35.58192, 27.07184, 35.59121, 27.06116).jpeg",3
"image_(18, 37.39457, 24.47087, 35.62788, 27.1681, 35.63718, 27.15743).jpeg",1
"image_(18, 37.39794, 24.46957, 35.66168, 23.72186, 35.67067, 23.71078).jpeg",1
"image_(18, 37.39974, 24.97246, 35.89015, 23.30646, 35.89911, 23.2953).jpeg",4
"image_(18, 37.40446, 26.72259, 36.76666, 24.4245, 36.77571, 24.41335).jpeg",1
"image_(18, 37.41158, 25.56727, 36.25855, 27.78036, 36.2679, 27.76969).jpeg",5
"image_(18, 37.41539, 25.57156, 36.32262, 22.98935, 36.33154, 22.9781).jpeg",2
"image_(18, 37.42004, 25.32535, 36.18018, 28.13707, 36.18956, 28.12645).jpeg",8
"image_(18, 37.42116, 24.3646, 35.47585, 23.57403, 35.48482, 23.56295).jpeg",2
"image_(18, 37.42201, 24.36479, 35.47554, 24.11705, 35.48456, 24.10604).jpeg",15
"image_(18, 37.43598, 24.94131, 35.86567, 23.28818, 35.87462, 23.27702).jpeg",5
"image_(18, 37.43787, 24.37583, 35.45594, 26.91615, 35.46521, 26.90547).jpeg",1
"image_(18, 37.45437, 25.48009, 36.27766, 26.69637, 36.28692, 26.68555).jpeg",7
"image_(18, 37.45517, 27.00153, 36.7638, 21.69874, 36.77259, 21.68728).jpeg",1
"image_(18, 37.46022, 25.48741, 36.25195, 27.7743, 36.2613, 27.76362).jpeg",10
"image_(18, 37.46202, 26.9442, 36.49225, 23.0742, 36.50118, 23.06293).jpeg",2
"image_(18, 37.46851, 24.40934, 35.56101, 23.59119, 35.56998, 23.58011).jpeg",1
"image_(18, 37.47565, 23.91733, 35.33787, 26.87064, 35.34713, 26.85997).jpeg",1
"image_(18, 37.4759, 26.93195, 36.4699, 22.38116, 36.47876, 22.36981).jpeg",2
"image_(18, 37.48039, 23.9124, 35.36399, 24.48659, 35.37305, 24.47564).jpeg",1
"image_(18, 37.49195, 23.4617, 35.25722, 23.54457, 35.26619, 23.53353).jpeg",4
"image_(18, 37.49442, 23.45816, 35.2581, 23.54355, 35.26707, 23.53251).jpeg",1
"image_(18, 37.49792, 25.32996, 36.26017, 22.91954, 36.26908, 22.90828).jpeg",1
"image_(18, 37.49854, 25.33247, 36.20043, 28.14849, 36.2098, 28.13787).jpeg",1
"image_(18, 37.50187, 23.44311, 35.21867, 23.68077, 35.22765, 23.66974).jpeg",1
"image_(18, 37.51378, 23.53586, 35.29231, 25.43605, 35.30146, 25.42521).jpeg",1
"image_(18, 37.51419, 23.43673, 35.19995, 25.72761, 35.20912, 25.71682).jpeg",2
"image_(18, 37.52735, 25.21293, 36.16751, 22.91953, 36.17642, 22.90829).jpeg",3
"image_(18, 37.53175, 26.49975, 36.61383, 24.96006, 36.62294, 24.94899).jpeg",1
"image_(18, 37.53195, 23.46262, 35.25736, 23.54583, 35.26633, 23.53479).jpeg",2
"image_(18, 37.53525, 23.47404, 35.25433, 26.22661, 35.26354, 26.21587).jpeg",13
"image_(18, 37.53772, 23.47379, 35.26818, 23.5438, 35.27715, 23.53275).jpeg",2
"image_(18, 37.53881, 23.47375, 35.26468, 23.54635, 35.27365, 23.53531).jpeg",2
"image_(18, 37.54052, 23.47445, 35.25158, 26.22634, 35.2608, 26.2156).jpeg",19
"image_(18, 37.55321, 26.48497, 36.6001, 24.90962, 36.6092, 24.89855).jpeg",1
"image_(18, 37.55861, 23.3622, 35.17124, 24.39833, 35.18029, 24.38739).jpeg",1
"image_(18, 37.59474, 26.02881, 36.39039, 25.39154, 36.39953, 25.38055).jpeg",2
"image_(18, 37.59501, 26.50141, 36.59416, 26.3996, 36.60339, 26.38871).jpeg",45
"image_(18, 37.60205, 26.55172, 36.68746, 24.33228, 36.6965, 24.32112).jpeg",2
"image_(18, 37.60436, 26.47543, 36.57685, 22.3784, 36.58571, 22.36704).jpeg",6
"image_(18, 37.60595, 24.3213, 35.4224, 27.17783, 35.43169, 27.16718).jpeg",1
"image_(18, 37.63422, 26.17818, 36.40349, 25.39266, 36.41263, 25.38167).jpeg",4
"image_(18, 37.63488, 26.21738, 36.40654, 25.39358, 36.41568, 25.38259).jpeg",1
"image_(18, 37.63628, 25.17216, 36.13849, 23.00909, 36.14741, 22.99786).jpeg",2
"image_(18, 37.63856, 25.17569, 36.07174, 28.14506, 36.08112, 28.13446).jpeg",5
"image_(18, 37.63936, 25.17662, 36.14388, 22.96807, 36.1528, 22.95684).jpeg",3
"image_(18, 37.64533, 26.50273, 36.60379, 26.34905, 36.61301, 26.33815).jpeg",3
"image_(18, 37.64751, 26.23968, 36.40682, 25.40838, 36.41597, 25.39739).jpeg",1
"image_(18, 37.64812, 26.50268, 36.60152, 26.3975, 36.61075, 26.3866).jpeg",13
"image_(18, 37.65049, 24.10288, 35.46009, 23.55946, 35.46906, 23.54839).jpeg",16
"image_(18, 37.65305, 24.29265, 35.43275, 27.1027, 35.44203, 27.09204).jpeg",4
"image_(18, 37.65673, 23.95862, 35.40594, 24.82148, 35.41503, 24.81055).jpeg",2
"image_(18, 37.68729, 26.94522, 36.49615, 23.07123, 36.50508, 23.05996).jpeg",4
"image_(18, 37.69524, 24.9318, 35.85792, 23.29065, 35.86687, 23.27949).jpeg",2
"image_(18, 37.69859, 23.26601, 34.92831, 24.88997, 34.9374, 24.87912).jpeg",2
"image_(18, 37.70123, 24.92506, 35.79973, 27.17346, 35.80902, 27.16277).jpeg",1
"image_(18, 37.71961, 23.94523, 35.39229, 23.55575, 35.40126, 23.54469).jpeg",2
"image_(18, 37.72869, 24.15554, 35.42154, 27.11271, 35.43083, 27.10206).jpeg",1
"image_(18, 37.73383, 26.56935, 36.67197, 21.89994, 36.68078, 21.88851).jpeg",7
"image_(18, 37.73979, 23.89943, 35.36425, 24.48579, 35.37331, 24.47483).jpeg",2
"image_(18, 37.74416, 23.42743, 35.19006, 25.86862, 35.19924, 25.85785).jpeg",1
"image_(18, 37.74539, 23.42726, 35.18851, 25.72593, 35.19768, 25.71514).jpeg",2
"image_(18, 37.74743, 23.42433, 35.1948, 24.07042, 35.20382, 24.05945).jpeg",4
"image_(18, 37.75712, 23.89868, 35.36422, 24.43503, 35.37327, 24.42407).jpeg",1
"image_(18, 37.76729, 26.96253, 36.507, 22.98638, 36.51592, 22.9751).jpeg",1
"image_(18, 37.76738, 26.96226, 36.50588, 22.987, 36.51479, 22.97572).jpeg",2
"image_(18, 37.76739, 26.96219, 36.50402, 22.9881, 36.51294, 22.97682).jpeg",3
"image_(18, 37.7708, 26.63313, 36.74863, 22.57699, 36.75751, 22.56562).jpeg",1
"image_(18, 37.77575, 24.95311, 35.87589, 23.28279, 35.88484, 23.27163).jpeg",1
