<annotation>
	<folder>images</folder>
	<filename>100_(18, 37.0961, 22.9606, 37.0871, 22.9718).jpeg</filename>
	<path>C:\Users\Zack\0_seawarden\python\detection\training\netpens_v4\train\images\100_(18, 37.0961, 22.9606, 37.0871, 22.9718).jpeg</path>
	<source>
		<database>Unknown</database>
	</source>
	<size>
		<width>2088</width>
		<height>2104</height>
		<depth>3</depth>
	</size>
	<segmented>0</segmented>
	<object>
		<name>farm</name>
		<pose>Unspecified</pose>
		<truncated>0</truncated>
		<difficult>0</difficult>
		<bndbox>
			<xmin>732</xmin>
			<ymin>853</ymin>
			<xmax>1333</xmax>
			<ymax>1344</ymax>
		</bndbox>
	</object>
</annotation>
