<annotation>
	<folder>images</folder>
	<filename>154_(18, 38.0782, 24.2786, 38.0692, 24.29).jpeg</filename>
	<path>C:\Users\Zack\0_seawarden\python\detection\training\netpens_v5\train\images\154_(18, 38.0782, 24.2786, 38.0692, 24.29).jpeg</path>
	<source>
		<database>Unknown</database>
	</source>
	<size>
		<width>2125</width>
		<height>2131</height>
		<depth>3</depth>
	</size>
	<segmented>0</segmented>
	<object>
		<name>farm</name>
		<pose>Unspecified</pose>
		<truncated>0</truncated>
		<difficult>0</difficult>
		<bndbox>
			<xmin>950</xmin>
			<ymin>1361</ymin>
			<xmax>1163</xmax>
			<ymax>1725</ymax>
		</bndbox>
	</object>
	<object>
		<name>farm</name>
		<pose>Unspecified</pose>
		<truncated>0</truncated>
		<difficult>0</difficult>
		<bndbox>
			<xmin>829</xmin>
			<ymin>774</ymin>
			<xmax>1068</xmax>
			<ymax>1119</ymax>
		</bndbox>
	</object>
	<object>
		<name>farm</name>
		<pose>Unspecified</pose>
		<truncated>0</truncated>
		<difficult>0</difficult>
		<bndbox>
			<xmin>1129</xmin>
			<ymin>587</ymin>
			<xmax>1271</xmax>
			<ymax>698</ymax>
		</bndbox>
	</object>
</annotation>
