<annotation>
	<folder>images</folder>
	<filename>220_(18, 38.8476, 22.7096, 38.8386, 22.7212).jpeg</filename>
	<path>C:\Users\Zack\0_seawarden\python\detection\training\netpens_v5\train\images\220_(18, 38.8476, 22.7096, 38.8386, 22.7212).jpeg</path>
	<source>
		<database>Unknown</database>
	</source>
	<size>
		<width>2163</width>
		<height>2154</height>
		<depth>3</depth>
	</size>
	<segmented>0</segmented>
	<object>
		<name>farm</name>
		<pose>Unspecified</pose>
		<truncated>0</truncated>
		<difficult>0</difficult>
		<bndbox>
			<xmin>332</xmin>
			<ymin>301</ymin>
			<xmax>817</xmax>
			<ymax>527</ymax>
		</bndbox>
	</object>
	<object>
		<name>farm</name>
		<pose>Unspecified</pose>
		<truncated>0</truncated>
		<difficult>0</difficult>
		<bndbox>
			<xmin>1094</xmin>
			<ymin>25</ymin>
			<xmax>1702</xmax>
			<ymax>313</ymax>
		</bndbox>
	</object>
	<object>
		<name>farm</name>
		<pose>Unspecified</pose>
		<truncated>0</truncated>
		<difficult>0</difficult>
		<bndbox>
			<xmin>360</xmin>
			<ymin>677</ymin>
			<xmax>768</xmax>
			<ymax>865</ymax>
		</bndbox>
	</object>
	<object>
		<name>farm</name>
		<pose>Unspecified</pose>
		<truncated>0</truncated>
		<difficult>0</difficult>
		<bndbox>
			<xmin>958</xmin>
			<ymin>414</ymin>
			<xmax>1646</xmax>
			<ymax>735</ymax>
		</bndbox>
	</object>
	<object>
		<name>farm</name>
		<pose>Unspecified</pose>
		<truncated>0</truncated>
		<difficult>0</difficult>
		<bndbox>
			<xmin>1216</xmin>
			<ymin>1573</ymin>
			<xmax>1812</xmax>
			<ymax>1879</ymax>
		</bndbox>
	</object>
</annotation>
