<annotation>
	<folder>images</folder>
	<filename>69_(18, 38.4135, 21.0782, 38.4045, 21.0896).jpeg</filename>
	<path>C:\Users\Zack\0_seawarden\python\detection\training\netpens_v5\train\images\69_(18, 38.4135, 21.0782, 38.4045, 21.0896).jpeg</path>
	<source>
		<database>Unknown</database>
	</source>
	<size>
		<width>2125</width>
		<height>2141</height>
		<depth>3</depth>
	</size>
	<segmented>0</segmented>
	<object>
		<name>farm</name>
		<pose>Unspecified</pose>
		<truncated>0</truncated>
		<difficult>0</difficult>
		<bndbox>
			<xmin>333</xmin>
			<ymin>626</ymin>
			<xmax>568</xmax>
			<ymax>1337</ymax>
		</bndbox>
	</object>
	<object>
		<name>farm</name>
		<pose>Unspecified</pose>
		<truncated>0</truncated>
		<difficult>0</difficult>
		<bndbox>
			<xmin>659</xmin>
			<ymin>91</ymin>
			<xmax>837</xmax>
			<ymax>478</ymax>
		</bndbox>
	</object>
	<object>
		<name>farm</name>
		<pose>Unspecified</pose>
		<truncated>0</truncated>
		<difficult>0</difficult>
		<bndbox>
			<xmin>928</xmin>
			<ymin>816</ymin>
			<xmax>1149</xmax>
			<ymax>1345</ymax>
		</bndbox>
	</object>
</annotation>
