<annotation verified="yes">
	<folder>images</folder>
	<filename>79_(18, 38.2468, 20.4513, 38.2378, 20.4628).jpeg</filename>
	<path>C:\Users\Zack\0_seawarden\python\detection\training\netpens_v5\train\images\79_(18, 38.2468, 20.4513, 38.2378, 20.4628).jpeg</path>
	<source>
		<database>Unknown</database>
	</source>
	<size>
		<width>2143</width>
		<height>2136</height>
		<depth>3</depth>
	</size>
	<segmented>0</segmented>
	<object>
		<name>farm</name>
		<pose>Unspecified</pose>
		<truncated>0</truncated>
		<difficult>0</difficult>
		<bndbox>
			<xmin>791</xmin>
			<ymin>724</ymin>
			<xmax>1038</xmax>
			<ymax>1136</ymax>
		</bndbox>
	</object>
	<object>
		<name>farm</name>
		<pose>Unspecified</pose>
		<truncated>0</truncated>
		<difficult>0</difficult>
		<bndbox>
			<xmin>1126</xmin>
			<ymin>528</ymin>
			<xmax>1367</xmax>
			<ymax>1018</ymax>
		</bndbox>
	</object>
	<object>
		<name>farm</name>
		<pose>Unspecified</pose>
		<truncated>0</truncated>
		<difficult>0</difficult>
		<bndbox>
			<xmin>1178</xmin>
			<ymin>1214</ymin>
			<xmax>1370</xmax>
			<ymax>1592</ymax>
		</bndbox>
	</object>
</annotation>
