<annotation>
	<folder>images</folder>
	<filename>image_(18, 36.66136, 22.86865, 38.36079, 24.05346, 38.36981, 24.04201).jpeg</filename>
	<path>C:\Users\Zack\0_seawarden\python\detection\training\netpens_v5\train\images\image_(18, 36.66136, 22.86865, 38.36079, 24.05346, 38.36981, 24.04201).jpeg</path>
	<source>
		<database>Unknown</database>
	</source>
	<size>
		<width>2135</width>
		<height>2145</height>
		<depth>3</depth>
	</size>
	<segmented>0</segmented>
	<object>
		<name>farm</name>
		<pose>Unspecified</pose>
		<truncated>0</truncated>
		<difficult>0</difficult>
		<bndbox>
			<xmin>789</xmin>
			<ymin>488</ymin>
			<xmax>1334</xmax>
			<ymax>761</ymax>
		</bndbox>
	</object>
	<object>
		<name>farm</name>
		<pose>Unspecified</pose>
		<truncated>0</truncated>
		<difficult>0</difficult>
		<bndbox>
			<xmin>769</xmin>
			<ymin>942</ymin>
			<xmax>1329</xmax>
			<ymax>1188</ymax>
		</bndbox>
	</object>
</annotation>
