<annotation>
	<folder>images</folder>
	<filename>image_(18, 36.65567, 24.32, 38.53468, 23.35883, 38.54363, 23.34728).jpeg</filename>
	<path>C:\Users\Zack\0_seawarden\python\detection\training\netpens_v5\train\images\image_(18, 36.65567, 24.32, 38.53468, 23.35883, 38.54363, 23.34728).jpeg</path>
	<source>
		<database>Unknown</database>
	</source>
	<size>
		<width>2154</width>
		<height>2133</height>
		<depth>3</depth>
	</size>
	<segmented>0</segmented>
	<object>
		<name>farm</name>
		<pose>Unspecified</pose>
		<truncated>0</truncated>
		<difficult>0</difficult>
		<bndbox>
			<xmin>128</xmin>
			<ymin>856</ymin>
			<xmax>421</xmax>
			<ymax>1352</ymax>
		</bndbox>
	</object>
	<object>
		<name>farm</name>
		<pose>Unspecified</pose>
		<truncated>0</truncated>
		<difficult>0</difficult>
		<bndbox>
			<xmin>970</xmin>
			<ymin>804</ymin>
			<xmax>1173</xmax>
			<ymax>1375</ymax>
		</bndbox>
	</object>
	<object>
		<name>farm</name>
		<pose>Unspecified</pose>
		<truncated>0</truncated>
		<difficult>0</difficult>
		<bndbox>
			<xmin>552</xmin>
			<ymin>900</ymin>
			<xmax>854</xmax>
			<ymax>1351</ymax>
		</bndbox>
	</object>
</annotation>
