"day","0_faeces_c1","faeces_c2","faeces_l1","faeces_l2","faeces_p1","faeces_p2","feed_c1","feed_c2","feed_l1","feed_l2","feed_p1","feed_p2"
1,0,0,0,0,0,0,0,0,0,0,0,0
2,0,0,0,0,0,0,0,0,0,0,0,0
3,0,0,0,0,0,0,0,0,0,0,0,0
4,0,0,0,0,0,0,0,0,0,0,0,0
5,0,0,0,0,0,0,0,0,0,0,0,0
6,0,0,0,0,0,0,0,0,0,0,0,0
7,0,0,0,0,0,0,0,0,0,0,0,0
8,0,0,0,0,0,0,0,0,0,0,0,0
9,0,0,0,0,0,0,0,0,0,0,0,0
10,0,0,0,0,0,0,0,0,0,0,0,0
11,0,0,0,0,0,0,0,0,0,0,0,0
12,0,0,0,0,0,0,0,0,0,0,0,0
13,0,0,0,0,0,0,0,0,0,0,0,0
14,0,0,0,0,0,0,0,0,0,0,0,0
15,0,0,0,0,0,0,0,0,0,0,0,0
16,0,0,0,0,0,0,0,0,0,0,0,0
17,0,0,0,0,0,0,0,0,0,0,0,0
18,0,0,0,0,0,0,0,0,0,0,0,0
19,0,0,0,0,0,0,0,0,0,0,0,0
20,0,0,0,0,0,0,0,0,0,0,0,0
21,0,0,0,0,0,0,0,0,0,0,0,0
22,0,0,0,0,0,0,0,0,0,0,0,0
23,0,0,0,0,0,0,0,0,0,0,0,0
24,0,0,0,0,0,0,0,0,0,0,0,0
25,0,0,0,0,0,0,0,0,0,0,0,0
26,0,0,0,0,0,0,0,0,0,0,0,0
27,0,0,0,0,0,0,0,0,0,0,0,0
28,0,0,0,0,0,0,0,0,0,0,0,0
29,0,0,0,0,0,0,0,0,0,0,0,0
30,0,0,0,0,0,0,0,0,0,0,0,0
31,0.222088488447683,0.0464639043299529,0.049093244814751,0.0102709683255685,0.361575644349912,0.0756464968740286,0.165242075414037,0.311241464411168,0.149504734898414,0.281599420181533,0.346221491343696,0.652124973051971
32,0.431939102182585,0.106139301601519,0.0954812752193084,0.0234623719329674,0.703227169869191,0.172802231379315,0.421952536357995,0.710980967665678,0.381766580514376,0.643268494554661,0.884091028559609,1.48967440844237
33,0.619816600369847,0.172279652151577,0.137012090608071,0.0380828704756118,1.00910492130389,0.280483363502919,0.816344507083742,1.15402637804884,0.738597411171005,1.04411910394895,1.71043611008022,2.41796003019757
34,0.756604201378451,0.232547080080146,0.167249349778395,0.0514051440177165,1.23180473487579,0.378602965463816,1.56245760346824,1.5577316369005,1.41365211742364,1.40937624290997,3.27372069298107,3.26381866779152
35,0.826169909133948,0.280304739137074,0.182627032545399,0.0619621002303005,1.34506258890579,0.456355785823165,2.74935411189883,1.8776394009182,2.48751086314656,1.69881660083075,5.76055147254993,3.93410160192384
36,0.896368867870545,0.305655798512648,0.198144697108226,0.0675660186185854,1.45935141997169,0.497629089508311,3.96999909471943,2.0474551096541,3.59190394284139,1.85245938492514,8.31809334131691,4.28990594403717
37,0.929955015511693,0.309244455369043,0.205569003428901,0.0683593006605253,1.51403202525412,0.503471674706091,5.35989474627072,2.07149395940986,4.84942857995922,1.87420882041844,11.2302556588529,4.34027305781113
38,0.970115073596948,0.314911450961215,0.21444648995301,0.0696120049493213,1.57941541806661,0.512697941214048,6.80074120837124,2.10945469543398,6.15305156947875,1.90855424824979,14.249172055635,4.41980983805214
39,1.00785007446995,0.319664105407528,0.222787911198621,0.0706625917216641,1.6408506475581,0.520435596172256,8.16283101305921,2.14129065823224,7.385418535625,1.93735821459108,17.1030745035526,4.48651376010565
40,1.05031965890887,0.325797684282807,0.232175924600908,0.0720184354730417,1.70999411134637,0.530421493007799,9.49319876616171,2.18237683251641,8.58908459795583,1.9745314198958,19.8905117005293,4.57259907765344
41,1.15448730039919,0.350317362015956,0.255202455877717,0.077438574761422,1.87958634170255,0.570341249036504,10.5052640433784,2.34662347761885,9.50476270591377,2.12313552736943,22.0110294242214,4.9167349054871
42,1.20464112829354,0.357699762775277,0.266289091517519,0.0790704738766403,1.96124029308141,0.58236031553589,11.7841439099867,2.3960749659588,10.661844489988,2.1678773501532,24.6905872399722,5.02034754772319
43,1.22760458404166,0.357102110594473,0.271365223840788,0.0789383612893047,1.99862641050993,0.581387295845037,13.3401457654655,2.39207155422135,12.069655692564,2.16425521572408,27.9507816038325,5.01195944693998
44,1.2379997519693,0.353277943327051,0.273663103066899,0.078093019051243,2.0155504733816,0.575161283171059,14.8853370987431,2.36645512276494,13.4676859464818,2.14107844440637,31.1883253497474,4.95828692388844
45,1.26489226138245,0.354516125826437,0.279607763042437,0.0783667225511071,2.05933336589985,0.577177131170058,16.415005029376,2.37474916821537,14.8516712170545,2.14858258076628,34.3933438710735,4.97566492387981
46,1.29394149026018,0.356541105786428,0.286029171531198,0.0788143497001579,2.10662754905517,0.580473940648781,17.8352264452877,2.38831362727751,16.1366334504984,2.16085518658441,37.3690458853648,5.00408569524811
47,1.46626622248491,0.39723091472562,0.324122007075611,0.0878089390446108,2.38718430608069,0.646719805026974,18.2957005098121,2.66087694074578,16.5532528422109,2.40746008924618,38.3338486872252,5.57517073299115
48,1.52916774436274,0.407308327266971,0.338026554017027,0.0900365776063831,2.48959239783969,0.663126539831139,19.5841374920394,2.72838113958737,17.7189815404166,2.46853531676952,41.0334309357017,5.71660810199258
49,1.56997599749762,0.41148637030204,0.347047325762632,0.0909601450141352,2.55603109768034,0.669928687088234,20.9255687018106,2.75636803073137,18.9326573968763,2.49385678970933,43.8440487085556,5.77524730248477
50,1.59065049647352,0.410638277802255,0.351617478167831,0.0907726719352353,2.58969063285514,0.66854793298332,22.4968512196947,2.75068702834046,20.3542939606762,2.48871683516518,47.136259698408,5.76334424985621
51,1.60257145687908,0.407918279559542,0.354252637836429,0.0901714091657935,2.60909879295401,0.664119584967114,24.0317713408154,2.73246694441798,21.7430312131187,2.47223199733056,50.3522828093275,5.72516883592339
52,1.69792335490181,0.426408696311314,0.375330425820401,0.0942587644477641,2.76433837429629,0.694223281012103,25.1028075727882,2.85632619538679,22.7120639944274,2.58429512915948,52.5963587239371,5.98468345700089
53,1.7709002843182,0.438964074615457,0.391462168112444,0.0970341638623643,2.88314993657419,0.714664317970428,26.2287258568562,2.94042920795043,23.730751965727,2.66038833100277,54.9554256048415,6.16089929284852
54,1.82629723546842,0.447074211169613,0.40370780994565,0.0988269308901249,2.97334006055209,0.727868189412983,27.5673879766384,2.99475548151894,24.9419224550538,2.70954067375523,57.7602414748614,6.27472577080158
55,1.9411909620885,0.469500732465637,0.429105370566931,0.103784372439772,3.16039511020724,0.764380139873879,28.4125094023626,3.1449809830234,25.7065561259471,2.84545898464022,59.5309720811407,6.58948396442999
56,2.07721105080075,0.496481330693029,0.459172969124377,0.109748504679512,3.38184535990017,0.808306447163387,29.1161073896259,3.3257122630155,26.3431447810901,3.00897776177593,61.0051773877876,6.96815902727058
57,2.11318438074118,0.499378651857746,0.467124968374367,0.110388965147502,3.4404124654874,0.81302348934033,30.584857638909,3.3451201559849,27.672014054251,3.02653728398634,64.082558862476,7.00882318396836
58,2.07526112990156,0.485320586505237,0.458741933978239,0.107281392806421,3.37867075183973,0.790135972415544,32.4536118371489,3.25095129716427,29.3627916621824,2.94133688791053,67.9980438492644,6.81151700358228
59,2.2631127499638,0.524001971307589,0.500267028939367,0.115832014710099,3.68450637187089,0.853111981356917,31.6701196995327,3.51006105182117,28.6539178233867,3.1757695230763,66.3564412752114,7.35441363238721
60,2.35995220616732,0.541115422415194,0.52167364557383,0.119614988112832,3.84216780232153,0.880973880704035,31.401287227666,3.62469660947977,28.4106884440787,3.27948740857693,65.7931732389192,7.59460241986237
61,2.41779834251207,0.549263733261145,0.53446068623951,0.121416193668253,3.93634537166877,0.89423990257253,31.393652348402,3.67927859600767,28.4037806961733,3.32887111067361,65.7771763490329,7.7089646773494
62,2.39284983244839,0.538943991573551,0.52894575243596,0.119134987610995,3.89572744651246,0.877438638912728,31.9406210769116,3.61015113972713,28.8986571648248,3.26632722165788,66.92320606591,7.56412619752352
63,2.47865248434935,0.553814054334304,0.54791265443512,0.122422054116004,4.03542018504596,0.90164814460041,31.8407027778713,3.70975921563648,28.8082548942646,3.3564488141473,66.7138534393495,7.77282883276216
64,2.5279112014293,0.560546156511959,0.558801423473845,0.123910203018433,4.11561683320419,0.912608479373856,31.890586033816,3.75485463692221,28.8533873639287,3.39724943340581,66.8183707375192,7.86731447736083
65,2.57781985157798,0.567541383029749,0.569833861927765,0.125456516248681,4.19687161800767,0.923997199037907,31.9361139919626,3.8017126135964,28.8945793260614,3.43964474563484,66.9137626498264,7.96549309515437
66,2.63844115809149,0.576983293069426,0.583234361262329,0.127543675310084,4.29556735913842,0.939369291172679,31.9098808503335,3.86495985788132,28.8708445788732,3.496868442845,66.8587979721273,8.09801113079895
67,2.77639934238272,0.603238165842705,0.613730380947759,0.133347384028387,4.52017296444063,0.982114066494788,31.460587582447,4.04082981904204,28.4643411460235,3.65598888389518,65.9174216013176,8.46650057323094
68,2.83340428985129,0.611830287798092,0.626331474598705,0.135246695197473,4.61298101926665,0.996102643994086,31.4585752872667,4.09838470295373,28.4625204980032,3.70806235029147,65.913205363797,8.58709175856971
69,2.84533883108185,0.610866899500213,0.62896963634441,0.135033735678995,4.63241128990168,0.994534180238943,31.758468340385,4.09193138421195,28.7338523079674,3.70222363333462,66.5415527131877,8.57357051930124
70,2.9274678311517,0.625096886859959,0.647124467938798,0.138179311832202,4.766123065454,1.01770159825621,31.6831445921082,4.18725187370307,28.6657022500026,3.78846598096945,66.3837315263219,8.77328964013977
71,3.07280948803036,0.652717333324796,0.67925262366987,0.144284884208639,5.00274948226697,1.06266962337791,31.0893978956812,4.37226921844361,28.1285028579972,3.95586262621089,65.1396908290462,9.16094502911995
72,3.15759490501394,0.667384109715339,0.697994663213607,0.147527013726549,5.14078609097005,1.08654816458918,30.901289404603,4.47051556747117,27.9583094613075,4.04475218009296,64.7455587525015,9.36679452232054
73,3.20150336269606,0.673485828147384,0.707700743332814,0.148875814643106,5.21227214137183,1.09648219038732,30.9869961866731,4.51138832251836,28.0358536927042,4.08173229180232,64.925134867315,9.45243267575275
74,3.28914306241126,0.688857797945084,0.727073729585648,0.15227382901944,5.35495572266255,1.1215088359527,30.8747508948114,4.61435845513453,27.9342984286389,4.17489574512172,64.6899542557952,9.66817962028187
75,3.36919264786376,0.702661917870156,0.744768901106727,0.155325266055508,5.48528206529398,1.14398291190088,30.7183604299136,4.70682624410631,27.7928022937314,4.25855707800094,64.3622789960095,9.86192165431797
76,3.42085529822445,0.710615047061865,0.756189065923299,0.157083326192623,5.56939248553033,1.15693116433932,30.7521200042411,4.76010079371584,27.8233466705039,4.306757860981,64.4330133422195,9.97354452016652
77,3.44353843490135,0.712680563379353,0.761203232978193,0.157539914010173,5.60632222383938,1.1602939698527,30.9799990437744,4.77393678818705,28.0295229443673,4.31927614169305,64.9104741869559,10.0025342228681
78,3.53383760859447,0.728824272925562,0.781164102952462,0.161108523488808,5.7533356153959,1.18657706188583,30.8499313277315,4.88207646935783,27.9118426298523,4.41711680560946,64.6379513533421,10.229112602464
79,3.65567560320901,0.751449812675262,0.808096712288307,0.166109958591374,5.95169642066308,1.22341302835551,30.4136115785539,5.0336351088295,27.5170771425012,4.55424128894098,63.7237575931606,10.5466640375475
80,3.72521448155983,0.763335687734355,0.823468464344804,0.168737362551805,6.0649105945395,1.24276406704821,30.3276191587711,5.11325341066075,27.4392744769834,4.62627689535973,63.54358299933,10.7134833366225
81,3.78171495545591,0.772618978149147,0.835958042784991,0.170789458327706,6.15689733098786,1.25787791530247,30.4239483396079,5.17543813114261,27.5264294501214,4.68253926150998,63.7454155687023,10.8437751319179
82,3.85087236392855,0.784556085527379,0.851245469921047,0.173428187327105,6.26949044513279,1.27731236380598,30.3405076524043,5.25539961597287,27.4509354950325,4.7548853668326,63.5705874621805,11.011313481086
83,3.93050246585564,0.798674179072314,0.868847913504931,0.176549029058091,6.39913383914742,1.30029761084054,30.186913272577,5.34997057751789,27.3119691513792,4.84044957013524,63.2487706663518,11.2094621624184
84,3.99445048476218,0.809660740683516,0.882983791368482,0.178977637414251,6.50324570150754,1.31818450413036,30.1383646597727,5.42356477012881,27.2680442159849,4.90703479202131,63.1470497633334,11.3636595183651
85,4.06767286364258,0.822580755678303,0.899169790910465,0.181833640728888,6.62245687273739,1.33921919520959,30.1226733141689,5.51011032511782,27.253847284248,4.98533791320184,63.1141726582586,11.5449930621516
86,4.11446988648672,0.830221286134528,0.909514395960223,0.183522600092896,6.69864570992926,1.3516585149699,30.1890081883352,5.56129091190593,27.3138645513509,5.03164415839108,63.2531600136546,11.6522285773267
87,4.14632444447267,0.834939809683362,0.916555929830802,0.184565642140533,6.75050716573796,1.35934060243186,30.3554344495067,5.59289824668281,27.4644406924108,5.06024127080825,63.6018626561093,11.7184534692402
88,4.20998113722394,0.846136954457847,0.930627409281083,0.187040800459103,6.85414472867336,1.37757033988927,30.308830377723,5.66790304421524,27.4222751036541,5.12810275428998,63.5042160295148,11.8756063783557
89,4.22063746933137,0.846762330802117,0.932983019536408,0.187179041545731,6.87149398515703,1.3785884964638,30.7122339720954,5.67209216805246,27.7872593080864,5.13189291395222,64.3494426082,11.8843835902052
90,4.22355159529588,0.845943255716229,0.933627194749615,0.186997982842535,6.87623838672732,1.37725498474502,31.0725143395502,5.66660554068287,28.113227259593,5.1269288225226,65.1043157590575,11.872887799526
91,4.27161592586665,0.854248623471724,0.944251941507365,0.188833906241118,6.95449048983201,1.39077670628379,31.5102818104816,5.72223958306418,28.5093025904358,5.17726438467711,66.0215428410092,11.9894543645154
92,4.34170816110112,0.867002598944317,0.959746014559194,0.191653206082428,7.06860556754708,1.41154107336899,31.8954729570725,5.80767291158873,28.8578088659227,5.25456120572313,66.8286100052947,12.168457529043
93,4.41268359346596,0.879964689048251,0.975435320660897,0.194518510210666,7.18415855216914,1.43264426567856,32.1797620062441,5.89450030941412,29.1150227675542,5.33311932756515,67.4242632511781,12.3503816006772
94,4.50192609419306,0.896593068219934,0.995162610295308,0.198194257185459,7.32945160598448,1.45971643387386,32.4366665161663,6.00588658137755,29.3474601812933,5.43389738315111,67.9625393672055,12.5837623609815
95,4.366527679887,0.868584640571176,0.965232434501338,0.192002920547313,7.10901348585112,1.41411674815798,34.1033571811889,5.81827031961553,30.855418402028,5.264149336795,71.4546531415386,12.1906616220516
96,4.59983812692162,0.913965099774583,1.0168063227932,0.202034390476487,7.48885926628643,1.48799932033476,33.3002243641495,6.12225425686323,30.1287744247067,5.53918242287626,69.7718986677418,12.8275803477134
97,4.55827232019748,0.904737852729513,1.00761809183313,0.199994683234945,7.42118721604081,1.47297671461928,34.4333458564881,6.06044494651348,31.1539795844416,5.4832597135122,72.1460579850227,12.6980751260282
98,4.700116161626,0.931956136593767,1.03897304625417,0.206011356510201,7.65211894384022,1.51728999080529,34.2429010788582,6.242768379097,30.9816724046812,5.64821900965919,71.7470308318934,13.0800861276318
99,4.82289272519923,0.955381395530823,1.06611312872825,0.211189571643656,7.85200780523664,1.55542795623264,34.2751572421763,6.39968398920169,31.0108565524452,5.79019027594438,71.8146151740836,13.4088616916607
100,4.92742453964412,0.975194878990481,1.08922016139502,0.215569394303159,8.02219293471884,1.58768569772485,34.3346425610766,6.53240588797451,31.0646766028789,5.9102719938817,71.939251080351,13.6869456700418
101,4.9157540555398,0.972053456804876,1.08664037017196,0.214874974662131,8.00319256761568,1.58257124195601,35.1725131245066,6.5113628685494,31.8227499697917,5.8912330715447,73.6947894037281,13.6428555341035
102,4.94402227926806,0.976871923928986,1.09288913541715,0.215940109500092,8.04921521958028,1.5904160445721,35.8378285926749,6.54363968182096,32.4247020600392,5.92043590259992,75.0887837179855,13.710483142863
103,5.02678206898448,0.992491029802783,1.11118340472289,0.219392753956405,8.18395396494315,1.61584504501225,36.0431449410961,6.6482652714062,32.6104644705155,6.01509715031989,75.5189703527727,13.9296986638987
104,5.06231265320244,0.998815785481065,1.1190375338658,0.220790857843183,8.24180024942432,1.626142191099,36.6598056723771,6.69063205585402,33.1683956083412,6.05342900291554,76.8110214087901,14.0184671646465
105,5.09208619514903,1.00404614648301,1.12561905366452,0.221947042906772,8.29027366508473,1.63465758585305,37.22004689783,6.72566796687186,33.6752805266081,6.08512816050311,77.9848601668819,14.0918757401125
106,4.99802245934687,0.984923018392652,1.10482601732931,0.217719825118376,8.1371313022349,1.60352379134804,38.6098167692058,6.5975704581326,34.9326913626148,5.96923041450092,80.8967589450027,13.8234809598969
107,5.11573060951327,1.00757619259007,1.13084571368188,0.222727368888332,8.32876843092687,1.64040474863787,38.675994852833,6.74931420873734,34.9925667716108,6.10652237933378,81.0354177868881,14.1414202468782
108,5.10666734836646,1.00528589671868,1.12884225595469,0.222221092958867,8.31401280576153,1.63667598623673,39.4963766281267,6.73397251390506,35.7348169492575,6.09264179829505,82.7543129351226,14.1092757434201
109,5.07186230373242,0.997977367603905,1.12114850924611,0.220605523365074,8.25734775063804,1.62477718795864,40.5841668525283,6.68501585954769,36.7190081046685,6.04834768244791,85.0334924529165,14.0066998961952
110,4.95920159182239,0.97540931253162,1.09624456240284,0.215616795401727,8.07392820563364,1.5880348105778,42.0984959173651,6.5338422849008,38.0891153538066,5.91157159110073,88.2063723982889,13.6899552636017
111,5.18114516423761,1.01867341625695,1.14530577314726,0.225180439383115,8.43526791651315,1.65847180752008,41.3714532123749,6.82364967827621,37.4313148111963,6.17377828034514,86.6830448259283,14.2971707544835
112,5.33292345595336,1.0481264957379,1.17885676394759,0.231691120110484,8.6823736265346,1.70642348779785,41.2093919923547,7.02094303365102,37.2846879930829,6.35228179235092,86.3434879839814,14.7105473086021
113,5.27783012607801,1.03694328478512,1.16667823839619,0.22921904189987,8.59267781929894,1.68821643557999,42.3380919460594,6.94603157272331,38.3058927131014,6.28450475627348,88.7083831250769,14.5535899618965
114,5.34548837406232,1.04990912967355,1.18163427216115,0.232085176033102,8.70283019496462,1.70932574094221,42.7395069267589,7.03288412221519,38.669077695639,6.36308563438518,89.5494430846377,14.7355667322604
115,5.40116580807656,1.06053922534285,1.19394191546956,0.234434986654735,8.79347696472816,1.72663228266344,43.1261948375197,7.10409050468892,39.0189381863273,6.42751045662331,90.3596463262317,14.8847610574435
116,5.83160094499991,1.14473155826653,1.28909073521051,0.253045923406285,9.49425557361388,1.86370330889708,41.0025407104841,7.66805828503894,37.0975368332952,6.93776701979714,85.9100852981572,16.0664078353197
117,5.99195691019273,1.17587861835403,1.32453784330576,0.259931063004576,9.75532633799798,1.91441290847815,40.7830031311409,7.87669887892654,36.8989075948418,7.12653708093353,85.4501017985809,16.5035595558461
118,6.05887707024876,1.18870115973334,1.33933072079183,0.262765519520001,9.86427705472078,1.93528890567112,41.0943706313725,7.9625915006061,37.1806210474322,7.20424945292933,86.1024908466852,16.683525048889
119,6.18911438895767,1.21396101433611,1.36812002282222,0.268349276853246,10.0763125490398,1.97641372158581,41.0765774052778,8.13179626828019,37.164522414299,7.35733948082493,86.0652098015344,17.0380493240156
120,6.27565628852624,1.23066363935468,1.3872503374637,0.272041436067876,10.2172088346532,2.00360676723007,41.256500490087,8.24367988084473,37.3273099672216,7.45856751124047,86.4421915030395,17.2724721312937
121,6.26025863945739,1.22740327390122,1.3838466466169,0.27132072370448,10.1921403814324,1.99829866347427,41.9293162901573,8.22184011225697,37.9360480720471,7.43880772061345,87.8519007984249,17.2267126161575
122,6.3062146758435,1.23620231867746,1.39400534939699,0.27326577570765,10.266960033654,2.01262412584682,42.2861240258749,8.28078108204999,38.2588741186487,7.4921352647119,88.599497958976,17.3502079814381
123,6.38752994792062,1.25195312534409,1.41198030427719,0.2767475329708,10.3993470029304,2.03826754441985,42.3110968300246,8.38628887790301,38.2814685604985,7.5875946990551,88.6518219295754,17.5712719346539
124,6.38205063232176,1.2507153961429,1.41076908714481,0.276473929673695,10.3904262926221,2.03625243442213,42.9174662677235,8.37799786889984,38.8300885279403,7.58009330995699,89.9223102752303,17.5539002967425
125,6.41672527711633,1.25737208470263,1.41843400862572,0.277945408197423,10.4468790476561,2.0470899905334,43.3498347390902,8.42258812719464,39.221279049653,7.62043687698563,90.8282251676175,17.6473275045983
126,6.2821099777606,1.23088577525772,1.38867694245234,0.272090539793812,10.2277158936172,2.00396842006871,44.821224658739,8.24516787253977,40.5525365960019,7.45991378944074,93.911137380215,17.2755898281786
127,6.5455683043479,1.28241281062162,1.44691509885585,0.283480726558464,10.656644537605,2.08785804957345,43.6260901637969,8.59032504722617,39.4712244339115,7.77219885225225,91.4070460574792,17.9987762894263
128,6.72180053349078,1.31685221266127,1.48587169687691,0.291093647009333,10.9435629738236,2.14392781289414,43.1102176181875,8.82101960634344,39.0044826069316,7.98092250097739,90.326170247631,18.4821363180529
129,6.92680360077043,1.35693163095019,1.53118816438083,0.299953307894253,11.277322353535,2.20917991845926,42.3066442070233,9.08949417861372,38.2774399968306,8.2238280663648,88.6424926242393,19.0446544694764
130,7.02189051636448,1.37548555065271,1.55220737730162,0.304054700670599,11.4321305248881,2.23938700176441,42.239348719476,9.21377880819998,38.2165536033354,8.33627606456188,88.5014925550925,19.305060360038
131,7.0937286895444,1.38950008317768,1.56808739453087,0.307152649965592,11.5490881121004,2.26220364419102,42.4227581064262,9.30765605956338,38.3824954296237,8.42121262531925,88.8857788896549,19.5017555533709
132,7.16517112431702,1.40345503008818,1.58387993274376,0.310237427703703,11.6654014094144,2.28492327705584,42.5138414544761,9.40113417283947,38.4649041730974,8.50578806114047,89.0766201903308,19.6976144573779
133,7.23650669511471,1.41740599297282,1.59964884839378,0.313321324762413,11.781540724678,2.30763642364698,42.605638119494,9.49458559886101,38.5479582985898,8.59033935135044,89.2689560598921,19.8934174452326
134,7.30661678710924,1.43113282167399,1.61514686872941,0.316355676370041,11.8956848744515,2.32998466405871,42.7056412151703,9.58653564757699,38.638437289916,8.67353225256966,89.478486355595,20.0860746901613
135,7.36728620192718,1.44302894396651,1.62855800253127,0.318985345508387,11.9944589392779,2.34935238596653,42.9638541289067,9.66622259116324,38.8720584975823,8.74562996343341,90.0195038891379,20.2530378100563
136,7.4189160810565,1.45317428665731,1.63997092318091,0.321228000208457,12.0785160056499,2.36586971582102,43.1876428777679,9.7341818244987,39.0745340322662,8.80711688883216,90.4883946010374,20.3954285846639
137,7.34238167772548,1.43823620692432,1.62305279191826,0.317925898372744,11.9539126261917,2.34154947372941,44.2699458330069,9.63411813250739,40.0537605155777,8.71658307226859,92.7560769834431,20.1857713252536
138,7.38583561546769,1.44682080722942,1.63265839920865,0.319823546861241,12.0246586862351,2.35552580545422,44.6434693376657,9.69162263215881,40.3917103531261,8.7686109529056,93.538697659871,20.3062569435709
139,7.49015363964675,1.4673420071845,1.65571817297455,0.324359812114468,12.1944957501617,2.38893575906528,44.5143153790348,9.82908521558993,40.2748567715077,8.89298186172422,93.2680893655968,20.5942737850456
140,7.68228882140171,1.50507773386594,1.69819016052038,0.332701393801944,12.5073053092294,2.45037217022384,43.5119930967963,10.0818604182407,39.3679937542443,9.12168323555113,91.1679855361446,21.123898019171
141,7.6919914175554,1.50708521276558,1.7003349449333,0.333145152295549,12.5231018166516,2.45364048674817,44.3965106519786,10.0953076453196,40.1682715422663,9.13384977433682,93.0212604136694,21.1520731616221
142,7.72611377434518,1.51389265546644,1.70787778169736,0.334649955418897,12.5786554080567,2.46472348118044,45.1174466658844,10.1409077399666,40.8205469834192,9.17510700282689,94.5317930142341,21.2476162170728
143,7.81227301177501,1.53090998178232,1.72692350786606,0.338411680183461,12.7189286928547,2.49242888262104,44.5400893630365,10.2548993994988,40.2981760903664,9.27824231383225,93.3220919987431,21.4864558846642
144,7.80058548528751,1.52876625613348,1.72433994937935,0.337937803987401,12.6999005795558,2.48893874682784,45.5678795433974,10.2405395147697,41.2280814916452,9.2652500371726,95.4755571385469,21.4563685071366
145,7.79441826482178,1.52771713370648,1.72297666906587,0.337705892714064,12.6898599118502,2.48723070189406,46.5586874000312,10.2335119004262,42.1245266952663,9.25889171943321,97.5515355048272,21.4416439818453
146,7.72249654530024,1.51379093814889,1.70707818369795,0.334627470538177,12.5727663053309,2.46455787824943,47.040241401983,10.1402263799447,42.5602184113179,9.17449053423572,98.560505794631,21.2461886055985
147,7.81566524806469,1.53223694405248,1.72767337062483,0.338705008685285,12.724451491586,2.49458927031702,47.365634864795,10.2637881419783,42.8546220205288,9.28628450940896,99.2422825738563,21.505079916526
148,7.62316014246612,1.49468546246709,1.68511961043988,0.330404154861146,12.4110396705413,2.43345282310431,48.6549223693722,10.0122471170044,44.0211202389558,9.05869977252781,101.943646869161,20.9780415784855
149,7.68626951954347,1.50725954226128,1.69907010432014,0.333183688289336,12.5137861651515,2.45392430740082,49.1816638713383,10.0964754027071,44.4976958835918,9.13490631673503,103.047295730423,21.1545198913864
150,7.18704282984407,1.40955979179492,1.58871473080764,0.31158690134414,11.7010100808689,2.29486225751874,53.4752456425463,9.44202731345879,48.382365105161,8.5427866169389,112.043371822478,19.7832953234375
151,7.35771218688587,1.44324331150972,1.62644164131161,0.319032732017939,11.97887177093,2.34970139137022,52.3317813542677,9.66765854599815,47.3478021776708,8.74692916066499,109.647541885132,20.2560464773295
152,7.26829946339328,1.42591797118809,1.60667672348694,0.315202919946842,11.8333015825069,2.32149452151325,52.9304936825052,9.55160363475278,47.8894942841713,8.64192709810966,110.901986763344,20.0128838061487
153,7.21399662121438,1.41548226528757,1.59467293732107,0.312896079695147,11.7448927447139,2.30450445997695,52.3443244786627,9.48169938470141,47.3591507187901,8.57868039568223,109.673822717198,19.866417758422
154,6.41886053172292,1.25966701573516,1.41890601227559,0.278452708741456,10.450355391998,2.05082629930215,56.7206788329602,8.4379608709532,51.3187094202974,7.63434554991004,118.843327078583,17.6795370629496
155,6.28000912089972,1.23262132378091,1.38821254251468,0.272474187362097,10.2242955512192,2.00679401485734,56.7008720737418,8.25679355642716,51.3007890190997,7.47043226533886,118.801827202126,17.2999484039426
156,6.71219591050742,1.31766845422342,1.48374856969112,0.291274079354651,10.927925973598,2.14525671143743,53.8056226700824,8.82648725317124,48.6812776538841,7.98586941953588,112.735590356363,18.4935923399778
157,6.45989020878212,1.26835104024579,1.42797573036236,0.280372335212228,10.517154585526,2.0649645006107,54.5458031042785,8.49613137006752,49.3509647133948,7.68697600148966,114.286444599441,17.8014181087129
158,6.4750633970855,1.27154641758276,1.43132980356627,0.281078681781453,10.541857600869,2.07016679915229,53.4942631143733,8.51753581155917,48.3995713891949,7.70634192474401,112.083217953925,17.8462655099335
159,6.02093806447484,1.18257120130843,1.33094420372602,0.261410476078705,9.80250969093447,1.92530890318284,55.5863537784381,7.92152957814258,50.2924153233488,7.16709818974805,116.466646011966,16.5974905446797
160,6.03577350568036,1.18569219640374,1.33422361704513,0.26210038025767,9.82666283030065,1.93039010221522,55.486765638481,7.94243576538392,50.2023117681495,7.18601331153783,116.257985147293,16.6412939846139
161,5.90127054674892,1.15947408564643,1.30449138401818,0.256304797879738,9.60768257435613,1.88770517803489,55.2479156974788,7.76681205696174,49.986209440576,7.02711567058444,115.75753765186,16.2733205003008
162,6.78259922312826,1.3328712140493,1.49931140721783,0.294634689421425,11.0425475071281,2.1700078712943,48.5843277031747,8.92832392186135,43.9572488743009,8.07800735787456,101.795734235223,18.7069644077095
163,6.3626669814183,1.25057010518561,1.40648428010299,0.276441812725239,10.3588683486951,2.03601589054779,50.6373233799507,8.37702462803755,45.8147211532887,7.57921275870064,106.097248986563,17.551861125412
164,6.29199533569632,1.23690088661941,1.39086212683813,0.273420195989553,10.2438099500459,2.01376144347861,50.4457450169039,8.28546048453191,45.6413883486273,7.49636900981459,105.695846702084,17.3600124437812
165,6.15801328107799,1.21078033931945,1.3612450410804,0.267646180270615,10.0256777628779,1.97123535945342,50.5832914021093,8.11049031123076,45.7658350780989,7.33806266254211,105.984039128229,16.9934082711502
166,5.58466196594303,1.09824831858353,1.23450422405057,0.242770680950044,9.09222158665813,1.78802533271143,53.7589513617175,7.35668730151648,48.6390512320301,6.65605041565777,112.637802853122,15.4140114888917
167,5.95363253661487,1.17102183059016,1.31606613967276,0.258857457288351,9.69293156838351,1.90650571717134,50.5274436061328,7.84416537237426,45.7153061198345,7.09710200357671,105.867024698564,16.4353941135461
168,5.81066438883561,1.14311070929578,1.28446265437419,0.25268763047591,9.4601693909464,1.86106445302892,50.820160206651,7.65720092351242,45.9801449488747,6.92794369270172,106.480335671078,16.0436590778355
169,5.58144328072253,1.09821894856619,1.23379272521235,0.242764188630421,9.0869813412465,1.78797751626215,51.5956845576266,7.3564905645582,46.6818098378527,6.65587241555266,108.105243835027,15.4135992781219
170,6.17632038903854,1.21549255104724,1.36529187547168,0.2686878270736,10.055483019347,1.97890717082778,46.9459031376006,8.14205536586666,42.4748647435434,7.36662152149841,98.3628446692585,17.0595445761016
171,5.3626928904284,1.05556692999314,1.18543737577891,0.233335847682694,8.73084035494308,1.71853703690111,51.6361179510602,7.07078326311192,46.7183924319117,6.39737533329174,108.189961421269,14.814974456044
172,5.5339713837351,1.08948295343027,1.22329893745723,0.240833073916165,9.00969376158977,1.77375470312858,49.8238453025374,7.29797193685347,45.0787171784863,6.60292699048647,104.392818729126,15.2909888200739
173,5.99877915554653,1.1812101200768,1.3260459185945,0.261109605490661,9.76643343218804,1.92309296742328,45.950385385682,7.91241228759578,41.5741582060932,7.15884921258666,96.2769979509527,16.5783876502007
174,5.86688711187623,1.1554547016357,1.29689083525685,0.255416302466839,9.55170392951077,1.88116133880339,46.1689262490749,7.73988795354058,41.7718856539249,7.0027557674891,96.7348930932997,16.2169080931326
175,5.22481083617062,1.02919326742313,1.15495818483772,0.227505880167218,8.50635869467777,1.67559886345379,49.7100071287232,6.89411758082478,44.9757207355115,6.23753495407956,104.154300650658,14.4448177883948
176,5.39359332496557,1.06263934870641,1.19226799815028,0.23489922445089,8.78114843082114,1.73005143087639,47.8195015566982,7.11815831669362,43.2652633132031,6.44023847700852,100.193241356891,14.9142364730724
177,5.30336695392857,1.04505897450313,1.17232322139474,0.231013036469113,8.63425356709774,1.70142934796299,47.7589514562772,7.00039504451857,43.2104798890127,6.33369075456442,100.066374479819,14.6674943789913
178,5.5801419611458,1.09980548045222,1.23350506509539,0.243114895678913,9.08486270165492,1.79056050150818,45.1450575308587,7.36711805087613,40.8455282422055,6.6654877603165,94.5896443503706,15.4358663923119
179,5.76269169217661,1.13599812138106,1.27385816353378,0.251115374200025,9.38206647428051,1.84948466077479,43.2573051783144,7.60955679394015,39.1375618279988,6.88483709927918,90.6343537069445,15.9438332825413
180,6.00468726394167,1.18392534620771,1.3273519215029,0.26170981337223,9.77605224725942,1.92751354610658,40.8763900545997,7.93060040521909,36.9834005255902,7.17530512853155,85.6457696382088,16.6164960871257
181,6.30264192305336,1.24290623547461,1.39321558299074,0.274747694157546,10.2611433413921,2.02353857284288,38.2155964239664,8.32568770174382,34.5760158121601,7.53276506348251,80.0707734597391,17.444298041749
182,5.70778980260454,1.12581142325374,1.26172195636521,0.248863577771879,9.292682345293,1.83290000136749,43.6245263074877,7.54132053854179,39.4698095162984,6.82309953487114,91.4037694061648,15.8008620807542
183,5.54285692120176,1.09348638170365,1.22526310889723,0.241718042271332,9.02416004013198,1.78027256529997,46.15360810267,7.32478915973734,41.7580263786062,6.62719019214331,96.7027979294037,15.3471772870687
184,5.91012272689051,1.16616045683372,1.30644818173369,0.257782837826402,9.62209454483226,1.89859105954683,45.1177163202339,7.81160114625461,40.8207909564021,7.0676391323256,94.5323580042996,16.3671643064382
185,6.30343944307936,1.24400348837244,1.39339187689123,0.274990244798119,10.2624417599608,2.02532497756075,43.9073145354541,8.33303772115511,39.7256655320775,7.5394150810451,91.9962780742847,17.4596980824202
186,6.33065586138325,1.2496115456039,1.39940813777946,0.276229920607178,10.3067519988836,2.03445528828144,45.1492529480599,8.37060365476297,40.8493240958637,7.57340330669031,94.598434748316,17.5384076575986
187,6.66112217053693,1.31509202268072,1.47245858506606,0.290704552382053,10.844774340804,2.14106210008369,44.359846083294,8.80922886006221,40.135098837266,7.97025468291343,92.944439412616,18.4574318972732
188,7.23884477993246,1.42942229226476,1.6001656881956,0.315977559342736,11.7853472908374,2.32719980214333,41.8192083978226,9.57507755584049,37.836426645649,8.6631654076652,87.6211985478187,20.0620672598563
189,7.24608783390567,1.43112498559667,1.60176678433704,0.316353944184527,11.7971394909903,2.32997190637493,43.1949210046637,9.58648315710688,39.0811190042196,8.67348476119194,90.5036440097716,20.0859647101287
190,7.12728927730983,1.40793043036842,1.57550605077375,0.31122672671302,11.6037271041114,2.29220954277525,45.4149251858048,9.43111293069756,41.0896942157281,8.53291169920255,95.1550813416862,19.7604270928901
191,7.82968478777111,1.54697768759111,1.73077242677046,0.34196348883593,12.7472762860554,2.51858823523606,42.134101569608,10.3625299647252,38.1213299915501,9.37562234903704,88.280974717274,21.7119675451384
192,7.45498701504484,1.47322736068137,1.64794449806255,0.325660784992724,12.1372420174765,2.39851752756546,45.9732892009657,9.86850863614315,41.5948807056356,8.92865067079619,96.3249868972614,20.6768752376333
193,8.00218671442701,1.58166614910536,1.76890443161018,0.34963146453908,13.0281215280496,2.57506348485926,44.2068482564044,10.5948928648206,39.9966722319849,9.5858554491234,92.6238725372283,22.1988231453384
194,8.13685069564122,1.60859183284122,1.79867225903648,0.355583457785954,13.2473639395703,2.6189003875029,44.2541863963285,10.7752562965441,40.0395019776306,9.74904141115891,92.723057211355,22.5767274784733
195,8.03532514884366,1.58882659878747,1.77622976974439,0.3512143007846,13.0820732247841,2.58672119942943,46.8332587270734,10.6428575995333,42.372948372114,9.62925211386348,98.1268278091062,22.2993206847365
196,8.51374620617575,1.68374917467964,1.88198600347043,0.372197185981815,13.8609762795282,2.74126181421527,44.5779073960045,11.2787026055095,40.3323924059088,10.2045404526039,93.4013297821047,23.6315673639248
197,8.19070829200679,1.62017506994439,1.81057762244361,0.358143962829813,13.3350478859339,2.6377587103656,48.6407799383606,10.8528473584792,44.0083247061358,9.81924284814782,101.914015108946,22.7392992272897
198,8.39522328540095,1.66095043171744,1.85578619993074,0.367157463853328,13.6680126471089,2.70414386076102,48.2201955769381,11.1259837531311,43.6277959981821,10.0663662528329,101.032790732632,23.3115850065605
199,8.03490477204429,1.58997098982944,1.77613684434663,0.351467271435981,13.0813888218545,2.58858434835389,52.5327799316814,10.6505233768479,47.529658033426,9.6361878171481,110.068681761618,22.3153823133956
200,8.09831917693939,1.60283006318407,1.79015476542871,0.354309803440689,13.1846319231575,2.60951982216634,53.0573564844081,10.7366607103239,48.0042749144645,9.71412159505496,111.16779453876,22.4958605359168
201,8.26540274922123,1.63621662813706,1.82708902877522,0.36168999148293,13.4566557039953,2.66387549282666,53.8370892126041,10.96030277221,48.7097473828323,9.91646441295189,112.80152025498,22.9644439036781
202,8.55274075419481,1.69342648015225,1.89060585092727,0.374336379823129,13.9244621401628,2.75701714663384,52.8616885742503,11.3435266613069,47.8272420433693,10.2631907888015,110.757823679382,23.7673891951193
203,8.44607359590803,1.67263129720186,1.86702679488493,0.369739549907779,13.7508005210573,2.72316112947952,55.4751435644606,11.2042287850842,50.1917965583215,10.137159376981,116.23363413506,23.4755269782717
204,8.59591477127606,1.70263606305235,1.90014958101892,0.37637218235894,13.9947524697266,2.77201099388171,55.4207638286775,11.4052176472406,50.142595844994,10.3190064427415,116.119695641039,23.8966464989803
205,8.68624557900471,1.72086278469372,1.92011744377999,0.380401247142822,14.1418173637129,2.80168537578205,56.7146005297141,11.5273105194795,51.3132100030747,10.4294714223862,118.830591586068,24.1524601360522
206,8.46490203588634,1.6773377342687,1.87118887109067,0.370779920206765,13.781454542636,2.73082353930061,59.1466151149167,11.2357551577807,53.5136041515913,10.1656832379921,123.926241193159,23.5415822353501
207,8.61090783031053,1.70660091407085,1.90346383617391,0.377248623110399,14.0191622219792,2.778466049575,60.0674946323645,11.4317764578909,54.3467808578536,10.3430358428537,125.85570303924,23.952293530819
208,9.19520358382412,1.8227573051941,2.03262395010849,0.402925299042907,14.9704367119101,2.96757680564935,57.1028718584082,12.2098575467548,51.6645031099884,11.0470139708733,119.644112465236,25.5825586693909
209,9.58846911532627,1.90108346543537,2.11955633075633,0.420239502885714,15.6107005947768,3.09509729109478,56.3674513668317,12.7345303904762,50.9991226652287,11.5217179723356,118.103231435266,26.6818731990929
210,9.48662226633008,1.88125616020145,2.0970428167677,0.415856624886636,15.4448867774637,3.06281704678411,57.9989886443096,12.6017159056556,52.4752754400896,11.4015524860694,121.521690492839,26.4035952308975
211,10.5531204380105,2.09315456947984,2.3327950441918,0.462697325885018,17.1812206429364,3.40780252715315,52.7538611373879,14.0211310874248,47.7296838862081,12.6857852695748,110.531899525956,29.3776079926996
212,10.7173549503686,2.12613809049701,2.36909951534465,0.469988420004602,17.4486059542844,3.46150201400214,52.6030247371411,14.2420733334728,47.5932128574134,12.8856853969515,110.21586135401,29.8405346034667
213,10.6233669827781,2.10789808852602,2.34832322777201,0.465956419568911,17.2955869474002,3.43180601079324,52.2827644951881,14.1198915020882,47.3034535908845,12.7751399304607,109.54483989468,29.5845345758038
214,10.7373650125528,2.13092848926613,2.37352279224852,0.471047350258829,17.4811837397351,3.46930111936661,49.6197331083478,14.2741621290554,44.8940442408861,12.9147181167644,103.965155084157,29.9077682704018
215,10.7998841930132,2.14374920215637,2.38734282161344,0.473881402581934,17.5829693528355,3.49017413965107,48.2511101198055,14.3600425024828,43.6557662988717,12.9924194070083,101.097564060545,30.0877081004402
216,10.9548353639092,2.17492546873063,2.42159518570624,0.480772998350981,17.8352407328205,3.54093128944214,45.3137661628605,14.5688787379085,40.9981693854452,13.1813664771553,94.9431291031363,30.5252697365702
217,11.0340680091249,2.19107743582052,2.43910977043813,0.484343433181378,17.9642370394173,3.56722782533586,43.8331974449455,14.677073732769,39.6586072120936,13.279257186791,91.840985122743,30.751964011516
218,11.0375031859677,2.19218150223705,2.43986912531919,0.48458748996819,17.9698297483826,3.56902532294032,41.9108078519858,14.6844693929754,37.9193023422729,13.2859484984064,87.8131212136846,30.76745968052
219,10.9800550188721,2.18119222827906,2.42717005680332,0.482158282040635,17.8763001009006,3.5511340137596,41.3458148777974,14.6108570315344,37.4081182227691,13.2193468380549,86.6293264106231,30.6132242565482
220,11.1216114457093,2.20973864615725,2.45846147747259,0.48846854283476,18.1067638975759,3.59760958532267,38.4982258608527,14.8020770555988,34.8317281598191,13.392355431256,80.662949422739,31.0138757355403
221,11.1888598674128,2.22352841509686,2.47332691805967,0.491516807547728,18.2162490472966,3.62006029685945,36.8605669719935,14.8944487135675,33.3500367841846,13.4759297884658,77.2316641317958,31.2074163522367
222,11.3572220750984,2.2574205176108,2.51054382712702,0.499008745998178,18.4903545363006,3.67523901814531,34.5455961032913,15.1214771514599,31.2555393315493,13.6813364703685,72.3812489783246,31.6830949840113
223,11.4401896784811,2.27434788131714,2.52888403419057,0.502750584291158,18.6254316168956,3.7027979541444,32.802651754247,15.2348661906411,29.6785896824139,13.7839265534372,68.729365580327,31.9206720184862
224,11.4994211549576,2.28197516939594,2.541977307938,0.504436616392787,18.7218646171942,3.71521571438497,31.218710631276,15.2859580725087,28.245500094964,13.8301525417936,65.4106317988641,32.0277216757325
225,11.6097941679348,2.28011243648254,2.56637555291191,0.50402485438035,18.9015596277957,3.71218305448385,28.5800414036809,15.2734804357682,25.8581326985684,13.8188632514093,59.8819915124743,32.0015780558952
226,11.4521192481073,2.25823682124197,2.53152109695003,0.499189192064015,18.6448537934097,3.67656801774131,28.6864594850938,15.126945214061,25.9544157246087,13.6862837651029,60.1049627306727,31.6945518770803
227,11.7316055804814,2.23158128012502,2.59330228621169,0.493296914553951,19.0998771555908,3.63317092623862,24.9149884544201,14.9483913501197,22.542132411142,13.5247350310607,52.2028329521182,31.3204390192985
228,11.8923930095247,2.20257883680802,2.62884477052652,0.486885848136511,19.3616503734017,3.58595291325938,22.8884030511606,14.7541166101973,20.7085551415263,13.3489626473214,47.9566540119556,30.9133871832705
229,11.8548104454721,2.13603107454726,2.62053704584121,0.472175290163079,19.3004633217511,3.47760848628045,21.2408489966649,14.3083421261539,19.2179109969825,12.945642876044,44.5046359930122,29.9793835024177
230,11.93109560932,2.07308553953146,2.63740008206021,0.45826101400169,19.4246609218402,3.37512873804419,19.7800892332133,13.8866973939906,17.8962712110025,12.5641547850391,41.4439964886374,29.0959373969327
231,11.9743241654709,1.96631135485658,2.64695586815673,0.434658299494613,19.4950400448369,3.20129287246826,17.5912313605135,13.1714636210489,15.9158759928455,11.9170385142823,36.8578180886948,27.5973523488643
232,11.966827302963,1.91057186739799,2.64529866697076,0.42233693910903,19.4828346265783,3.1105450753427,16.6917014057039,12.79808906391,15.1020155575416,11.5792234387757,34.97308865957,26.8150437529543
233,11.9147192930112,1.80351712884071,2.63378005424457,0.398672207427947,19.3979991296743,2.93625244835822,15.1414763693906,12.0809759826651,13.6994310008772,10.9304068414589,31.7249981072946,25.3125211065363
234,11.860399062331,1.75922581965239,2.62177242430475,0.388881496975791,19.309561982181,2.86414308883757,14.555606264024,11.7842877871452,13.1693580484027,10.6619746645599,30.4974607436694,24.6908886968756
235,11.8121484404079,1.68123389806466,2.61110649735332,0.371641177466925,19.2310065836816,2.73716676737545,13.5492723958276,11.2618538626341,12.2588655009869,10.189296351907,28.388951686496,23.5962652359953
236,11.7339108945223,1.59342044601372,2.59381188194704,0.352229782803034,19.1036303686258,2.59420030508901,12.6488613872447,10.6736297819101,11.4442079217928,9.65709361220438,26.5023762399412,22.3637957335259
237,11.7173260111879,1.46269432127095,2.59014574984153,0.323332428912526,19.0766290147058,2.38136900024464,11.4304244857915,9.79795239128867,10.3418126300018,8.8648140683088,23.9494608273727,20.5290431055572
238,11.6229541382759,1.3758230059529,2.56928459898732,0.304129296052747,18.9229849830177,2.2399364026742,10.6381026906875,9.21603927432566,9.62495005347921,8.33832124819941,22.2893580185834,19.3097965747776
239,11.5410871314567,1.2923605369729,2.55118768169042,0.285679697646641,18.7896997508628,2.10405364615939,9.8569742721795,8.65696053474669,8.91821481768622,7.83248810286606,20.6527079988523,18.138393501374
240,11.4620424234068,1.19026472556536,2.53371464096362,0.263111149861817,18.6610094191606,1.93783450056957,8.96199485485654,7.97306514732777,8.1084715353464,7.21372560948704,18.7775130292232,16.7054698324963
241,11.3411655934292,1.11115753273719,2.50699449960014,0.245624296710326,18.4642134573724,1.80904243926335,8.34723690405393,7.44316050637351,7.5522619608107,6.73428807719508,17.4894487513511,15.5951934419255
242,11.2617011385548,1.01187820526089,2.48942867273317,0.223678340110301,18.334839748384,1.64740872716158,7.55003288391714,6.77813151849398,6.83098213306789,6.13259518339931,15.8191165186835,14.2017993720826
243,11.1478119877593,0.925317445403573,2.46425317624154,0.204543856352369,18.1494202186678,1.50648173567459,6.8884798942744,6.19829867734451,6.23243419005779,5.60798451759741,14.4330054927654,12.9869115144361
244,11.363195838646,1.02353942498289,2.51186434327964,0.22625608341727,18.5000802425675,1.66639401120021,7.62940275523427,6.85624495203848,6.90279296902148,6.20326924232053,15.9854152966813,14.3654656137949
245,11.5956502980966,1.10218993811396,2.56324901326346,0.243641986319927,18.8785324151467,1.79444256591184,8.25596738979348,7.38309049454324,7.46968478124172,6.67993901887246,17.2982173881387,15.4693324647573
246,11.8132683250009,1.18502256009025,2.61135405078966,0.26195235538837,19.2328298343874,1.92929988730482,8.88695490864066,7.93795016328394,8.04057825067488,7.18195490963785,18.6202864752471,16.631895580214
247,12.0236034962976,1.27918701698891,2.65784919391841,0.282767656387023,19.5752702536213,2.08260623116791,9.66166792901598,8.56871686021281,8.74150907863351,7.75264858781159,20.2434947084144,17.9535019928268
248,12.2197695862747,1.36983743665279,2.70121222433442,0.30280617020746,19.8946424141455,2.23019147581367,10.4363339581236,9.1759445517412,9.44239739068324,8.30204507062299,21.8666044836875,19.2257885846006
249,12.4155908565111,1.46636847403159,2.7444990314393,0.324144610049089,20.2134531839339,2.38735077877424,11.3082501877382,9.82256394088149,10.2312739793822,8.88708166079753,23.6934765838325,20.5806101618469
250,12.6232082413234,1.57649910692353,2.7903934007136,0.348489276267307,20.5514688560494,2.56665117758778,12.2910385814741,10.5602810990093,11.1204634784766,9.55454004196079,25.7526522659458,22.1263032550671
251,12.79495151544,1.65847256041551,2.82835770341306,0.366609723881323,20.8310789584708,2.70010971239577,13.0393754514545,11.1093855721613,11.7975301703636,10.0513488510031,27.3205961839999,23.2768078654808
252,12.9807374567093,1.75690933811129,2.869426174641,0.388369432635127,21.1335515084671,2.86037169432856,13.9310107308325,11.7687706859129,12.6042478040865,10.6479353824927,29.188784388411,24.6583766752462
253,13.1526497829989,1.85057266471046,2.90742784676817,0.409073957462312,21.4134368396893,3.01286216289703,14.9155698740982,12.396180529161,13.4950394098984,11.2155919073361,31.2516702123963,25.9729496801468
254,13.3138064515488,1.93648546908195,2.94305195244762,0.428065208954957,21.6758112053285,3.15273423738254,15.9721670433114,12.9716729986351,14.4510082772817,11.7362755701936,33.4654928526524,27.1787434257116
255,13.4682741891307,2.02097455854449,2.97719745233415,0.446741744520361,21.9272955219531,3.29028840408647,17.0735610065401,13.5376286218291,15.4475075773458,12.2483306578454,35.7731754422746,28.364555207642
256,13.6051106807266,2.09403898051962,3.00744551889745,0.462892827272757,22.150074932832,3.40924241038983,18.0556791507105,14.0270553719017,16.3360906601667,12.6911453364825,37.8309467919649,29.3900207792227
257,13.7680861229946,2.20947249089696,3.04347166929356,0.488409708514064,22.4154103897176,3.59717626588136,19.8121750223675,14.8002941973959,17.9253012107134,13.3907423690725,41.511223856389,31.0101402231152
258,13.8877048520404,2.27595452309387,3.06991370413525,0.503105736683909,22.6101580749008,3.70541367970371,20.9096085770224,15.2456283843609,18.9182172839727,13.7936637763265,43.8106084470946,31.9432213767561
259,14.0078012115459,2.33840734238365,3.096461320447,0.51691109673744,22.8056833759906,3.80709125216146,22.0038343003569,15.6639726284073,19.9082310336562,14.1721657114161,46.1032718674145,32.8197521738057
260,14.1122653428345,2.40382372347167,3.11955339157394,0.531371559925317,22.9757583125445,3.91359371119598,23.2027651213345,16.1021684825854,20.9929779669217,14.568628627101,48.6153173970819,33.737876820655
261,14.1264171192946,2.50797564716066,3.12268167900197,0.554394616740778,22.9987983977288,4.08316035186859,25.9561218684129,16.7998368709327,23.4841102618974,15.1998524070343,54.3842553433413,35.1996582057637
262,14.1991287225065,2.55421046939273,3.13875477023828,0.564614945865761,23.1171779903264,4.15843388701132,27.3677301658532,17.109543814114,24.7612796738672,15.480063450865,57.3419108236924,35.8485679914769
263,14.2901667172397,2.59836487747135,3.15887895854773,0.574375393967351,23.2653942343833,4.23032036191826,28.6565695532077,17.4053149687076,25.9273724529022,15.7476659240688,60.042336206721,36.468278982054
264,14.4502588824119,2.64004657031489,3.19426775295421,0.583589241859082,23.5260355138215,4.29818108289863,29.4828367267504,17.6845224805782,26.6749475146789,16.0002822443327,61.7735626655722,37.053285197402
265,14.5454791485001,2.69040357793483,3.21531644335266,0.594720790911909,23.681060789137,4.38016582512898,31.6931068971253,18.0218421488457,28.6747157640658,16.305476229908,66.4046049273102,37.7600502166291
266,14.5270465446744,2.71526483364807,3.21124186777013,0.600216436911678,23.6510512165927,4.42064169407966,33.7152148836955,18.1883768761114,30.5042420376292,16.456150506958,70.6414026134572,38.1089801213764
267,14.5969117659379,2.73468547237536,3.22668575878628,0.60450942020929,23.7647966996323,4.45225985677953,35.1458457928555,18.3184672790694,31.7986223840121,16.5738513477295,73.6389149945543,38.3815504894787
268,14.7172113479455,2.76185276900173,3.25327829796691,0.610514822621435,23.9606528612166,4.49649012216421,36.2386304862754,18.5004491703465,32.7873323447254,16.7385016303135,75.9285591141009,38.762845880726
269,14.7740727380643,2.77557966673287,3.26584765788789,0.613549189488318,24.0532271946029,4.51883847496158,38.7058060031662,18.5923996814642,35.0195387647695,16.8216949498962,81.0978792447293,38.9555040944964
270,14.7966018733951,2.78117314601976,3.27082778253998,0.614785642804369,24.0899062079135,4.52794505176551,40.4534934656076,18.6298679637687,36.6007798022164,16.8555948243622,84.7597005946065,39.034009066944
271,14.8964719074527,2.80130449321438,3.29290431638428,0.619235730078969,24.2525016317826,4.56072029772447,41.6830995297386,18.7647190933021,37.7132805269063,16.9776029891781,87.3360180623094,39.3165542907282
272,14.8625110202021,2.79626176430048,3.28539717288678,0.618121021582212,24.1972109241185,4.55251038117693,43.809172272375,18.7309400479458,39.6368701511964,16.9470409957605,91.7906466659285,39.245779148077
273,14.7919887727574,2.78430975235294,3.26980804450426,0.615478997888544,24.0823957563488,4.53305166698864,47.1295912522788,18.6508787238953,42.6410587520618,16.8746045597148,98.7477150047746,39.078031611971
274,14.8511426638823,2.79674962818031,3.28288416780556,0.618228865176701,24.1787024422504,4.55330465780935,43.8846902615556,18.7342080356576,39.7051959509312,16.9499977465473,91.9488748337355,39.2526263604254
275,14.9425522247222,2.81526899689722,3.3030904917807,0.622322620366754,24.3275236220039,4.5834554896853,39.4742933738149,18.858261223235,35.714836862023,17.0622363448316,82.7080432594217,39.5125473248732
276,14.9905837606554,2.82088933712732,3.31370798919751,0.623565011364988,24.4057223331372,4.59260579798975,36.3039234766784,18.8959094353026,32.8464069550899,17.0962990128929,76.0653634749451,39.5914292930151
277,14.9236558796207,2.79596022466673,3.2989134049688,0.618054365452647,24.2967590461194,4.5520194534925,33.9036292499612,18.7289201652317,30.6747121785363,16.9452134828287,71.0361755713472,39.2415470128664
278,14.9417776769464,2.75369973611851,3.30291927595657,0.60871257324725,24.3262626038706,4.48321641248768,30.9336368493182,18.4458355529469,27.9875761970022,16.6890893098091,64.8133343509524,38.6484173490317
279,14.9242377416778,2.68520280516704,3.29904202710772,0.593571146405345,24.2977063583807,4.37169860209651,28.2025394581358,17.9870044365256,25.5165833192657,16.2739563949517,59.0910350551417,37.6870569146251
280,14.7327823130246,2.58355747605294,3.25672030077386,0.571102178916966,23.9860034850646,4.20621287329321,25.6870075143068,17.3061266338474,23.2406258462776,15.6579240972905,53.8203966966428,36.2604558042518
281,14.6857560937594,2.46785330815326,3.24632503125209,0.545525468118088,23.9094415000154,4.01783836836179,23.1534531795468,16.5310747914572,20.9483624005424,14.9566867160803,48.5119971380981,34.6365376582913
282,14.6419950036997,2.31835462753014,3.23665152713362,0.512478391348769,23.8381953744444,3.77444402517188,20.3606829778117,15.52964822269,18.4215703132582,14.0506341062433,42.660478620177,32.5383105618266
283,14.4635711398577,2.19185482334586,3.19721046249486,0.484515276739611,23.5477088031367,3.56849346678062,18.4699737036842,14.6822811133215,16.7109285890476,13.2839686263385,38.6989925220049,30.7628747136261
284,14.3534179766686,2.02142093730565,3.17286081589517,0.446840417720197,23.3683717234184,3.29101514003446,16.1219623704719,13.5406187187938,14.586537382808,12.2510359836706,33.7793497286079,28.3708201727109
285,14.1315139440841,1.85946015132672,3.12380834553439,0.41103855976696,23.007096386158,3.02733161479158,14.5225350932862,12.4557139323321,13.1394365129732,11.2694554625862,30.4281687668853,26.0976863344101
286,13.9179086092513,1.70663161086081,3.07659032415028,0.3772554087166,22.6593319112021,2.77851602610321,13.1048867720481,11.4319820823212,11.8568023175673,10.3432218840049,27.457857998577,23.9527243629587
287,13.6676147179566,1.57407040126717,3.02126220081145,0.347952404490638,22.2518358916907,2.56269707434375,11.9330117059303,10.5440122572921,10.7965344006036,9.53982061374043,25.0025007171873,22.0922161581357
288,13.4070550262055,1.44621898925023,2.96366479526649,0.319690513413209,21.8276264286294,2.35454600355125,10.8299153570547,9.68759131555177,9.79849484685898,8.76496357121351,22.691251224305,20.2978103754418
289,13.1809866443434,1.28734761396031,2.91369178453906,0.284571577822806,21.4595712385099,2.09589225571082,9.49578933072325,8.62338114614561,8.59142844208294,7.8021067512746,19.8959395500868,18.0680366871622
290,12.8430729945732,1.14214195684464,2.83899508301091,0.252473485197237,20.9094241034454,1.85948725605584,8.34123244957131,7.65071167264353,7.54682935913595,6.9220724657251,17.476867989578,16.0300625522055
291,12.5573497776824,0.963488498473447,2.77583521401401,0.212981668083604,20.4442466555952,1.56862688874273,7.21685298154528,6.45398994192739,6.52953364996954,5.8393242331724,15.1210252946663,13.5226455926098
292,12.2273021186213,0.829896995109594,2.70287731043209,0.183450914708437,19.9069059054046,1.35113054642404,6.38939708134998,5.55911862752838,5.78088307360236,5.02967875823996,13.3873081704476,11.6476771243452
293,11.7949087278689,0.81479301648528,2.60729561352892,0.18011214048622,19.2029391218637,1.32654020929533,6.24752410458441,5.45794365109757,5.65252180890971,4.93813949385018,13.0900505048435,11.4356914594425
294,11.4312772035725,0.716704441709923,2.52691390815812,0.158429402904299,18.6109214823074,1.1668451261523,5.64505875260926,4.80089099709996,5.10743410950361,4.34366328309044,11.8277421483242,10.0590097082094
295,11.0723706318708,0.561575887380021,2.4475766659925,0.124137827736636,18.0265963971511,0.914284953488875,5.0109564292348,3.76175235565564,4.53372248359339,3.40349022654558,10.499146804111,7.88176684042133
296,10.6967535665048,0.425878717251061,2.36454552522738,0.0941416111818137,17.4150654556429,0.6933604379105,4.48880385577001,2.8527760964186,4.06129872664906,2.58108313485492,9.40511284066098,5.97724515440086
297,10.3020620152118,0.343444835708104,2.27729791915209,0.0759193847354758,16.7724799124852,0.559152293924774,4.18937595098762,2.30058741622654,3.79038776517928,2.08148385277639,8.7777400877836,4.82027839590322
298,9.90074062000511,0.239710167762068,2.18858476863271,0.0529885634000361,16.1191005181838,0.390264974882805,3.8394321387641,1.60571404242534,3.47377193507228,1.45278889552769,8.04452448122002,3.36435323174832
299,9.48549229263543,0.16803513859174,2.09679303310888,0.0371446095834372,15.4430471009924,0.273572997566902,3.58279220980045,1.12559422980113,3.24157390410517,1.01839477934387,7.50680272529618,2.3583879100595
300,9.07217454809318,0.0817608953445276,2.00542805799955,0.0180734610761587,14.7701368081236,0.133112475227581,3.31323357559971,0.547680638671475,2.99768752078069,0.49552057784562,6.94201320601843,1.1475213381688
301,8.65757419611739,5.38317414405866e-15,1.91377955914174,8.97195690676443e-16,14.0951383403455,1.07663482881173e-14,3.05227999863116,4.48597845338221e-16,2.76158666542819,1.79439138135289e-15,6.39525333046529,1.79439138135289e-15
302,8.2266969571053,1.07663482881173e-14,1.81853301157065,2.24298922669111e-16,13.3936399582346,1.07663482881173e-14,2.90037162929928,2.24298922669111e-15,2.62414575984221,4.48597845338221e-16,6.07696912805564,8.97195690676443e-16
303,7.79582162252833,6.2803698347351e-15,1.72328688497995,1.12149461334555e-15,12.6921446766777,7.17756552541154e-15,2.74846393138748,1.34579353601466e-15,2.48670546173153,1.34579353601466e-15,5.75868633243091,2.69158707202933e-15
