<annotation>
	<folder>images</folder>
	<filename>102_(18, 37.1051, 22.9529, 37.0961, 22.9641).jpeg</filename>
	<path>C:\Users\Zack\Desktop\images_2019-10-13\images\102_(18, 37.1051, 22.9529, 37.0961, 22.9641).jpeg</path>
	<source>
		<database>Unknown</database>
	</source>
	<size>
		<width>2088</width>
		<height>2103</height>
		<depth>3</depth>
	</size>
	<segmented>0</segmented>
	<object>
		<name>c</name>
		<pose>Unspecified</pose>
		<truncated>0</truncated>
		<difficult>0</difficult>
		<bndbox>
			<xmin>1277</xmin>
			<ymin>940</ymin>
			<xmax>1371</xmax>
			<ymax>1027</ymax>
		</bndbox>
	</object>
	<object>
		<name>c</name>
		<pose>Unspecified</pose>
		<truncated>0</truncated>
		<difficult>0</difficult>
		<bndbox>
			<xmin>1169</xmin>
			<ymin>1019</ymin>
			<xmax>1259</xmax>
			<ymax>1102</ymax>
		</bndbox>
	</object>
	<object>
		<name>c</name>
		<pose>Unspecified</pose>
		<truncated>0</truncated>
		<difficult>0</difficult>
		<bndbox>
			<xmin>1203</xmin>
			<ymin>835</ymin>
			<xmax>1299</xmax>
			<ymax>921</ymax>
		</bndbox>
	</object>
	<object>
		<name>c</name>
		<pose>Unspecified</pose>
		<truncated>0</truncated>
		<difficult>0</difficult>
		<bndbox>
			<xmin>1098</xmin>
			<ymin>904</ymin>
			<xmax>1186</xmax>
			<ymax>995</ymax>
		</bndbox>
	</object>
	<object>
		<name>c</name>
		<pose>Unspecified</pose>
		<truncated>0</truncated>
		<difficult>0</difficult>
		<bndbox>
			<xmin>991</xmin>
			<ymin>985</ymin>
			<xmax>1077</xmax>
			<ymax>1074</ymax>
		</bndbox>
	</object>
	<object>
		<name>c</name>
		<pose>Unspecified</pose>
		<truncated>0</truncated>
		<difficult>0</difficult>
		<bndbox>
			<xmin>1066</xmin>
			<ymin>1094</ymin>
			<xmax>1159</xmax>
			<ymax>1177</ymax>
		</bndbox>
	</object>
	<object>
		<name>c</name>
		<pose>Unspecified</pose>
		<truncated>0</truncated>
		<difficult>0</difficult>
		<bndbox>
			<xmin>876</xmin>
			<ymin>1063</ymin>
			<xmax>964</xmax>
			<ymax>1147</ymax>
		</bndbox>
	</object>
	<object>
		<name>c</name>
		<pose>Unspecified</pose>
		<truncated>0</truncated>
		<difficult>0</difficult>
		<bndbox>
			<xmin>768</xmin>
			<ymin>1134</ymin>
			<xmax>857</xmax>
			<ymax>1217</ymax>
		</bndbox>
	</object>
	<object>
		<name>c</name>
		<pose>Unspecified</pose>
		<truncated>0</truncated>
		<difficult>0</difficult>
		<bndbox>
			<xmin>847</xmin>
			<ymin>1245</ymin>
			<xmax>937</xmax>
			<ymax>1330</ymax>
		</bndbox>
	</object>
</annotation>
