"day","faeces_c","faeces_l","faeces_p","feed_c","feed_l","feed_p","weight"
1,0.677455798357053,0.149753387005243,1.10294558048306,4.31108235318124,4.76488049562137,9.98355913368287,2.59498747736309
2,0.712243419874944,0.157443282288146,1.15958226955079,4.53245812647692,5.00955898189554,10.4962188192097,2.71895949630865
3,0.70595656187464,0.156053555782815,1.14934682354327,4.49245084829316,4.96534041127138,10.403570385521,2.84920330412908
4,0.732100187754183,0.161832673082504,1.19191048111558,4.65881937661753,5.14922141626148,10.7888448721669,2.9813743713703
5,0.732294572500179,0.161875642342145,1.1922269531231,4.66005637045568,5.15058861997734,10.7917094894763,3.11455867295159
6,0.755616740103834,0.167031068865058,1.23019707862519,4.80847016429712,5.31462491843366,11.1354045910039,3.24944344236557
7,0.796732796715787,0.176119881379279,1.29713690412675,5.07011779728228,5.60381440752252,11.7413254252853,3.38570578969874
8,0.847762225331151,0.187400070862676,1.3802163949251,5.3948505248346,5.96272952744876,12.4933380575117,3.52716535113843
9,0.861270092382981,0.190386020421501,1.40220815040598,5.48080967880079,6.05773701341139,12.6924013614334,3.67634562703908
10,0.929219036878585,0.205406313415266,1.5128338003918,5.91321205286372,6.53565542684938,13.6937542276844,3.83066243989618
11,0.937835160837586,0.207310930290414,1.52686145483733,5.96804193260282,6.5962568728768,13.8207286860276,3.99150195914244
12,0.923349459000744,0.204108827779112,1.50327771570647,5.87586019364109,6.49437179297173,13.6072551852741,4.15848074259372
13,0.961936256918036,0.212638541002934,1.56609973056129,6.12141254402387,6.76577175918427,14.175902733529,4.32398400079864
14,0.981816532566437,0.217033128251528,1.59846621442395,6.24792338905914,6.90559953527589,14.4688752167685,4.49069766782871
15,1.0088239652897,0.223003192327198,1.64243621015587,6.41978887002538,7.09555611950173,14.8668794884798,4.66180023826092
16,1.03129626366956,0.227970753021692,1.67902268892167,6.56279440516992,7.25361486887202,15.1980502014461,4.8361862164869
17,1.06854852929391,0.236205464370232,1.73967199155219,6.79985427732486,7.51562841178011,15.7470309580155,5.01407626521942
18,1.05370015668093,0.232923192529468,1.71549779894719,6.70536463342407,7.41119248957397,15.5282128352978,5.19633746608495
19,1.08863149622077,0.240644857059327,1.77236847104012,6.92765497595032,7.65688181552404,16.0429904706218,5.37968637113878
20,1.12386487158812,0.248433287403691,1.82973087865575,7.1518673646517,7.90469550829925,16.562219160246,5.56383660872538
21,1.14997016984445,0.254203932281405,1.87223213616781,7.31799198991923,8.08830693622651,16.9469288187603,5.75324450363247
22,1.1650851057613,0.257545128641973,1.8968403125377,7.41417794575375,8.1946177295173,17.1696752427982,5.94709859180598
23,1.20162511708968,0.265622394304034,1.95633001519161,7.64670529057068,8.45162163694654,17.7081596202689,6.14360930480874
24,1.23490092147947,0.272978098432303,2.01050535988236,7.85846040941477,8.68566676830054,18.1985398954868,6.34364273827058
25,1.24844574592348,0.275972217519926,2.0325572845912,7.94465474678577,8.78093419381585,18.3981478346618,6.5487681551159
26,1.24693876104627,0.275639094547071,2.03010380745779,7.93506484302176,8.77033482649773,18.3759396364714,6.75697389219492
27,1.29355744893764,0.285944278186215,2.1060023028318,8.23172922051225,9.09822703319775,19.062951879081,6.96524960474729
28,1.34613368786216,0.297566394159004,2.19160010936155,8.56630528639557,9.46802163233194,19.8377596106003,7.17639650138383
29,1.29328892123557,0.285884919431021,2.10556512088878,8.23002040786268,9.09633834553244,19.0589946287346,7.39504396141411
30,1.38680186355147,0.30655620141664,2.25781075329081,8.82510276805478,9.7540609541658,20.4370800944426,7.61274743626843
31,1.45930178064427,0.322582498879259,2.37584570603137,9.28646587682713,10.2639886007037,21.5054999252839,7.83282618839543
32,1.4834318661504,0.327916517780615,2.41513117857469,9.44002096641168,10.4337073839287,21.8611011853744,8.06597309138714
33,1.5330680299203,0.338888722403436,2.49594233643165,9.75588746312923,10.7828229855639,22.5925814935624,8.30623828916656
34,1.52990697435629,0.338189962752444,2.49079591614498,9.73577165499463,10.7605897239414,22.5459975168297,8.55159020682267
35,1.5417252351765,0.340802420407437,2.51003687411191,9.81097876930495,10.8437133766002,22.7201613604957,8.79977150614948
36,1.56726750549313,0.346448606477429,2.55162148262741,9.97352048950173,11.0233647515545,23.0965737651619,9.04757741875311
37,1.7342405645168,0.383358440577399,2.8234653401256,11.0360763196524,12.1977685638263,25.5572293718266,9.29741095321756
38,1.88187528437928,0.41599348391542,3.06382502439293,11.9755699915045,13.2361563063997,27.7328989276947,9.5620070582891
39,1.81555956235176,0.401334219046179,2.95585837519726,11.5535608513294,12.7697251514693,26.7556146030785,9.85134429495345
40,1.87036697076511,0.413449540905971,3.0450886822281,11.9023352685052,13.15521266519,27.5633027270647,10.1461773225389
41,1.91946799775357,0.424303452134999,3.12502859985142,12.2147963493409,13.5005643861136,28.2868968089999,10.4386438369367
42,2.0833091736173,0.460520975220667,3.39177353178396,13.2574220139283,14.6529401206576,30.7013983480445,10.7382851618246
43,2.00624206123379,0.443485087220101,3.26630286460518,12.7669949351241,14.1108891388214,29.56567248134,11.0538435225193
44,2.04874186372363,0.452879780402067,3.33549552550093,13.0374482236958,14.4098111946112,30.1919853601377,11.3751552085527
45,2.09094269159996,0.462208384458938,3.40420143474519,13.3059989465452,14.7066304146025,30.8138922972625,11.6921635539112
46,2.12517688543414,0.469775943095968,3.45993710470681,13.5238529073082,14.9474163712353,31.3183962063978,12.0146127383801
47,2.19655823966857,0.485554979295158,3.5761509586183,13.9780978888,15.4494766139368,32.3703319530104,12.3418133812356
48,2.35305391743655,0.5201487606965,3.83093690417739,14.9739794745962,16.5501878403431,34.6765840464332,12.6760289103557
49,2.42991987574405,0.53714018305921,3.95608007840434,15.4631264820075,17.0908240064294,35.8093455372806,13.026894462667
50,2.46979891800387,0.545955550295592,4.02100595773261,15.7169022054791,17.3713129639506,36.3970366863728,13.3945901222536
51,2.50061791085591,0.55276816976815,4.07118144083208,15.9130230690831,17.5880781289866,36.8512113178766,13.7698782478125
52,2.54954042383238,0.563582620005054,4.15083072511658,16.2243481516606,17.9321742728881,37.5721746670036,14.1491232894957
53,2.76502439121538,0.611215918058138,4.50165374569803,17.5956097622797,19.4477792109407,40.7477278705425,14.5329907574295
54,2.74353350986366,0.606465302180388,4.46666508272539,17.4588496082233,19.2966232511942,40.4310201453593,14.9359235814776
55,2.77859200162647,0.614215074043745,4.52374276756028,17.6819491012593,19.5432069013919,40.9476716029163,15.3518752387384
56,3.02527645364173,0.668745321331331,4.92536236663075,19.2517592504474,21.2782602241787,44.5830214220886,15.7671135998534
57,3.12162972148363,0.690044464749014,5.0822322483102,19.8649164094413,21.9559602420141,46.0029643166009,16.2026848934637
58,3.14281219670753,0.694726906640612,5.11671880446419,19.9997139790479,22.104947029474,46.3151271093741,16.6611770402401
59,3.14072561771723,0.694265662863808,5.11332170744138,19.9864357491096,22.0902710911212,46.2843775242539,17.1265502739496
60,3.28647993262218,0.726485037737534,5.35061996047961,20.9139632075957,23.1154330189215,48.4323358491689,17.5918201874179
61,3.37103866888563,0.745176968911561,5.48828751706292,21.4520642565449,23.7101762835497,49.6784645941041,18.0660172326387
62,3.42644725681397,0.757425183085193,5.57849658653221,21.8046643615435,24.0998921890743,50.4950122056796,18.5545340444725
63,3.39918441578157,0.751398660330662,5.53411076814964,21.6311735549736,23.9081391923393,50.0932440220442,19.0510939228751
64,3.45418436665553,0.763556544208065,5.62365454781813,21.9811732423534,24.2949809520748,50.903769613871,19.5488063529084
65,3.48168602247565,0.769635857599882,5.66842917343404,22.1561837793905,24.4884136509053,51.3090571733254,20.0465387650021
66,3.53974647551181,0.782470273534191,5.76295566539467,22.5256593896206,24.8967814306334,52.1646849022794,20.5485394767864
67,3.58329535583271,0.792096868131441,5.83385629861886,22.8027886280263,25.2030821678185,52.8064578754293,21.0549344785515
68,3.67212718325024,0.811733377350053,5.97848074746705,23.3680820752287,25.8278801884107,54.1155584900034,21.5668664474899
69,3.75768593004415,0.830646363483444,6.11777639137012,23.9125468275537,26.4296570199278,55.3764242322296,22.0864492479646
70,3.80205774194937,0.840454869273019,6.19001681496318,24.1949129033142,26.7417458405051,56.0303246182012,22.6164446478555
71,3.85609373977825,0.852399668793086,6.27799121142844,24.5387783440434,27.1218076434164,56.8266445862058,23.1537138952668
72,3.97876525006543,0.879516528961832,6.47770903870301,25.3194152276891,27.9846168306037,58.634435264122,23.6961426081519
73,4.06072293241393,0.89763349032308,6.61114189698268,25.8409641153614,28.5610656011889,59.8422326882052,24.2491080433829
74,4.07852781399802,0.901569306252195,6.64012949366695,25.9542679072602,28.6862961080244,60.104620416813,24.8132136935282
75,4.0552502554135,0.896423740670353,6.60223199477847,25.806137988995,28.5225735667839,59.7615827113568,25.382817944955
76,4.13882437980396,0.91489802079877,6.73829653413697,26.3379733260252,29.11039157087,60.9932013865847,25.9513332046816
77,4.24923460277622,0.939304491140006,6.91805212522162,27.0405838358487,29.8869610817275,62.6202994093338,26.5220838268179
78,4.2488731313717,0.939224586934798,6.91746362440867,27.0382835632745,29.8844186751981,62.6149724623199,27.1040827032931
79,4.29963672747047,0.950446013440842,7.00011032121508,27.3613246293575,30.2414640640267,63.3630675627227,27.6918400740689
80,4.41405160287643,0.975737722741107,7.18638576749005,28.0894192910319,31.0462002690352,65.0491815160738,28.2813603654815
81,4.49021156063265,0.99257308182406,7.31037952327561,28.5740735676623,31.581870785311,66.1715387882707,28.8801879571587
82,4.53787132827759,1.00310839888242,7.38797296954667,28.8773629981301,31.9170854189859,66.8738932588276,29.4890644932216
83,4.60798028413715,1.01860616807242,7.50211526961276,29.3235108990546,32.4101962568498,67.9070778714948,30.1041915515014
84,4.67442796711239,1.03329460325642,7.61029676049175,29.7463597907152,32.8775555581589,68.8863068837616,30.7252694307115
85,4.72651456321988,1.04480848239597,7.69509739415446,30.0778199477628,33.2439062580536,69.6538988263981,31.3527411917703
86,4.78244887957724,1.05717291022234,7.78616238639944,30.4337655973097,33.6373198707107,70.4781940148224,31.9847670904472
87,4.71214294923537,1.04163159930466,7.67169939805337,29.9863642224069,33.1428236142392,69.4421066203106,32.6213650531573
88,4.62277017894021,1.02187551323941,7.52619425623949,29.4176284114376,32.5142208757995,68.1250342159608,33.2538344266583
89,4.6336873354253,1.0242887794098,7.54396815311347,29.4871012254338,32.5910066175847,68.2859186273203,33.8661287057362
90,4.61061411626143,1.01918838359463,7.50640333314141,29.3402716489363,32.4287212961928,67.945892239642,34.4674226660468
91,4.41838405897847,0.976695423563662,7.19343931005617,28.1169894662266,31.0766725679347,65.1130282375774,35.0643379505476
92,4.62856159600012,1.02315572122108,7.53562308962826,29.4544828836371,32.5549547661252,68.2103814147385,35.6412619813277
93,4.77407868085397,1.05532265576772,7.77253511549558,30.3805006963434,33.5784481380638,70.354843717848,36.2159084178371
94,4.77022822653073,1.05447150270679,7.76626630565004,30.3559978051956,33.5513659952161,70.2981001804529,36.8159081413594
95,4.94477704148165,1.09305597759068,8.05044402542977,31.4667629912468,34.7790538324307,72.8703985060453,37.4239966341098
96,4.98921511030459,1.10287912964628,8.12279231993448,31.7495507019383,35.0916086705634,73.5252753097518,38.0427826695568
97,5.05752134118815,1.11797840173633,8.23399965723264,32.1842267166519,35.5720400552468,74.5318934490886,38.6756702530682
98,5.04901667566883,1.11609842304258,8.22015346494855,32.1301061178925,35.5122225513549,74.4065615361722,39.3141994079971
99,5.17136768556604,1.1431444357567,8.41934949509699,32.9087034536021,36.3727775013497,76.209629050447,39.9541135955352
100,5.24350431463187,1.15909042744494,8.53679298943575,33.3677547294756,36.8801499641572,77.272695162996,40.599730493344
101,5.26491640395216,1.16382362613679,8.57165337345194,33.5040134796956,37.0307517407162,77.5882417424529,41.2575283964487
102,5.15296658876633,1.13907682488519,8.38939121820202,32.7916055648766,36.2433535190742,75.9384549923459,41.9193004149847
103,4.86988068648347,1.07649994122266,7.92850750360818,30.9901498230766,34.2522708570847,71.7666627481775,42.5705772481662
104,5.22096481812413,1.15410801242744,8.50009710740209,33.2243215698808,36.7216185772367,76.9405341618293,43.1876880484787
105,5.38585782806455,1.19055804620374,8.76855449902438,34.2736407240471,37.88139237921,79.3705364135828,43.8066466873944
106,5.4181109836021,1.19768769111204,8.82106489961886,34.4788880774679,38.1082447172014,79.8458460741363,44.4626099374276
107,5.25935701094911,1.16259470768349,8.56260229151012,33.4686355242216,36.9916497899291,77.5063138455657,45.1307174825359
108,5.42388945286161,1.19896503694836,8.83047265307994,34.5156601545739,38.1488875392659,79.9310024632237,45.7858606244793
109,5.57453628560485,1.23226591576528,9.07573626849351,35.4743218174854,39.2084609561681,82.1510610510188,46.437542715661
110,5.63766339611158,1.24622032966677,9.17851163437113,35.8760397934373,39.6524650348518,83.081355311118,47.1108992445556
111,5.62831203502718,1.24415318669022,9.16328696228985,35.8165311319911,39.5866923037797,82.9435457793479,47.7976775944125
112,5.44785740103777,1.20426321496624,8.86949415467201,34.6681834611494,38.3174659307441,80.2842143310828,48.4852152417229
113,5.51871553984823,1.21992659301908,8.98485617715642,35.1190988899433,38.8158461415162,81.3284395346055,49.154794496335
114,5.66548563690594,1.25237050921079,9.2238081948223,36.0530904166741,39.8481525657977,83.491367280719,49.8116588729479
115,5.88790745070937,1.3015374364726,9.58592651624262,37.4685019590596,41.4125547968554,86.7691624315065,50.4824196358164
116,5.94481147361054,1.31411622048233,9.67857025879049,37.8306184684307,41.8127888335286,87.6077480321552,51.1792695866535
117,6.36007116661273,1.40591046840913,10.3546421800291,40.4731801511719,44.7335149039269,93.7273645606087,51.8943493230691
118,6.40047021966587,1.41484078539983,10.4204146734209,40.7302650342374,45.0176613536308,94.322719026655,52.65091226453
119,6.39756940978497,1.41419955374194,10.4156919513692,40.7118053349953,44.9972585281527,94.2799702494628,53.4436756132389
120,6.50739785020564,1.43847741951914,10.594500359633,41.4107135922177,45.769736075609,95.8984946346093,54.2386736154738
121,6.6140581143293,1.46205495158858,10.7681507545572,42.0894607275501,46.5199302778185,97.4703301059054,55.0383704987919
122,6.56137322842185,1.4504088189143,10.6823760631149,41.7541932717754,46.1493715109096,96.6939212609535,55.8476444390555
123,6.54979658220218,1.44784977080259,10.663528470673,41.680523704923,46.0679472528096,96.5233180535058,56.652707044717
124,6.58527219385162,1.45569174811457,10.7212852559549,41.9062775972376,46.3174647127363,97.0461165409713,57.4429280803067
125,6.34714781624778,1.40305372780214,10.3336020587332,40.3909406488495,44.6426186118863,93.5369151868094,58.2302898850846
126,6.55226623496794,1.44839569404554,10.6675492386846,41.6962396770686,46.0853175378127,96.5597129363695,58.9987894890582
127,6.51747012961525,1.44070392338863,10.6108987373385,41.4748099157334,45.8405793805474,96.0469282259089,59.7590416255069
128,6.47758022617713,1.43188615526021,10.5459551752498,41.2209650756726,45.5600140310066,95.4590770173471,60.5287549421877
129,6.98595996897211,1.54426483524647,11.3736330722914,44.4561088934589,49.1356993032967,102.950989016431,61.2886269386475
130,7.10526117571993,1.57063668094862,11.5678638088914,45.215298390945,49.9748034847287,104.709112063241,62.0886734633341
131,7.16368154362556,1.58355065701197,11.6629762675167,45.5870643685263,50.385702723108,105.570043800798,62.933699217391
132,7.19364009164022,1.59017307288889,11.7117508860388,45.7777096740742,50.5964159555556,106.011538192593,63.7896650611771
133,7.18415477214052,1.58807631805211,11.6963081202568,45.7173485499851,50.5297010289309,105.871754536808,64.6474618706404
134,7.29994872512806,1.61367287608094,11.884828801612,46.4542191599059,51.3441369662117,107.578191738729,65.4999354665277
135,7.38359396284792,1.63216287599796,12.0210091184612,46.9865070363049,51.9324551453897,108.810858399864,66.3562242963349
136,7.45097372347445,1.64705734939962,12.1307080971654,47.415287331201,52.4063702081695,109.803823293308,67.2257207541106
137,7.43217625644318,1.64290211984534,12.100104501718,47.2956670864566,52.2741583587152,109.526807989689,68.1046002487953
138,7.36876447519191,1.62888477872663,11.9968656718914,46.892137569403,51.8281520503928,108.592318581775,68.9828041140198
139,7.54130970357193,1.66702635552643,12.2777814121311,47.990152659094,53.0417476758408,111.135090368428,69.8458213819869
140,7.67877857634574,1.69741421161327,12.5015903839453,48.8649545767456,54.0086340058768,113.160947440885,70.713072360463
141,7.68745401699841,1.69933194059965,12.5157146101307,48.9201619263535,54.0696526554433,113.288796039977,71.605116073865
142,7.76923791595704,1.71741048668524,12.6488645368564,49.4406049197266,54.6448791218031,114.494032445683,72.5106273560004
143,7.77897462797127,1.71956281249891,12.6647165872936,49.5025658143626,54.7133622158745,114.637520833261,73.4193664134812
144,7.69210415756225,1.7003598664085,12.5232853652943,48.9497537299416,54.1023593857249,113.357324427233,74.3212953672898
145,7.88178296609017,1.74228886618836,12.8320957763714,50.1568006933011,55.4364639241749,116.152591079224,75.2112498223993
146,7.93671274795358,1.75443123902132,12.9215253159665,50.5063538506137,55.8228121506783,116.962082601421,76.1046400670094
147,7.71980883594164,1.70648405847131,12.5683905258839,49.1260562287195,54.297220042269,113.765603898087,77.0132420332478
148,7.15421245684229,1.58145749045987,11.6475599297362,45.5268065435418,50.3191019691777,105.430499363991,77.9056240272078
149,7.05806166813291,1.56020310558728,11.4910196982936,44.9149378881185,49.6428260868678,104.013540372485,78.733178171793
150,7.46987955995205,1.65123653430519,12.1614881256763,47.5355971996949,52.5393442733469,110.082435620346,79.5024510693555
151,7.26047104233429,1.60494623041074,11.82055636366,46.2029975421273,51.0664709676144,106.996415360716,80.292949865714
152,6.8241585540794,1.50849820669124,11.1102090143608,43.4264635259599,47.997670212903,100.566547112749,81.0948880889956
153,6.33280737712952,1.39988373599705,10.3102548175021,40.299683309006,44.5417552362698,93.3255823998035,81.8456274228994
154,6.29952793209324,1.3925272270943,10.2560735455834,40.0879050224115,44.3076844984549,92.8351484729531,82.5243135486366
155,6.46902629670478,1.42999528664001,10.532028777793,41.1665309790304,45.4998500294547,95.3330191093336,83.1606630429518
156,6.43932082708599,1.42342881440848,10.4836661886593,40.9774961723654,45.2909168220881,94.8952542938988,83.804460037825
157,6.18514243236767,1.36724201136548,10.0698459249775,39.3599972968851,43.5031549070836,91.1494674243656,84.4559004215133
158,6.20047375184221,1.37063103988091,10.0948063889642,39.4575602389959,43.6109876325744,91.3754026587274,85.0842244341569
159,6.12688049751697,1.35436305734586,9.97499140648376,38.9892395296534,43.093370006459,90.2908704897236,85.6923871850581
160,5.3368288211989,1.17972005521239,8.68873183521505,33.9616379530839,37.5365472113032,78.6480036808258,86.2939613457956
161,5.06671950640809,1.12001168036389,8.24897491569597,32.2427604953242,35.6367352843057,74.6674453575929,86.8317999656139
162,5.43973168333749,1.20246700368513,8.85626491603015,34.6164743485113,38.2603137536177,80.1644669123419,87.2897562099653
163,6.31563110898447,1.39608687672288,10.2822906476098,40.1903797844466,44.4209460775462,93.0724584481921,87.7534354994481
164,5.96780640948786,1.319199311571,9.71600762807848,37.9769498785591,41.9745235499864,87.9466207714001,88.3068099943377
165,5.25753116704972,1.16219110008467,8.55962968951252,33.4570165175891,36.9788077299669,77.4794066723115,88.8953608880685
166,5.59794276871065,1.23743998045183,9.11384366554997,35.6232721645223,39.3730902871036,82.4959986967885,89.4057233792226
167,5.41830427919023,1.19773041961047,8.82137959840093,34.4801181403014,38.1096042603332,79.8486946406981,89.8866777669181
168,6.61237528533192,1.46168295781021,10.7654109908562,42.0787518157486,46.5080941121432,97.445530520681,90.3773882066542
169,6.64962020925459,1.46991604625628,10.8260483406811,42.3157649679837,46.7700560172452,97.9944030837518,90.9419102108847
170,6.00984599343249,1.32849227223245,9.78445102088658,38.2444745036613,42.2702086619414,88.566151482163,91.5908959990417
171,6.47356650125193,1.43099891080306,10.5394205494067,41.1954231897851,45.5317835255519,95.3999273868707,92.1947627742096
172,6.18115490716742,1.36636055842648,10.0633539541252,39.33462213652,43.4751086772063,91.0907038950989,92.7828728024775
173,6.10531033110697,1.34959491529733,9.93987366187239,38.851974834317,42.9416563958241,89.9729943531552,93.381019762519
174,6.0548640300537,1.33844362769608,9.85774354366638,38.5309529185235,42.5868426994208,89.2295751797387,93.9501012367915
175,5.95487059609722,1.31633981597939,9.69494721610213,37.8946310660732,41.883539599344,87.7559877319589,94.507929777797
176,5.79197322458061,1.28033092332835,9.4297388638786,36.8580114291493,40.7378021059019,85.3553948885563,95.0528643233421
177,5.72292566471513,1.26506777851598,9.31732459097481,36.418617866369,40.2521565891447,84.3378519010651,95.5769125646675
178,5.71326369268925,1.26293197417341,9.30159422248355,36.3571325898407,40.184199178245,84.1954649448942,96.0823271867025
179,6.30291646214216,1.39327627057879,10.2615903102946,40.1094683954501,44.3315177002343,92.8850847052528,96.5802233202258
180,6.03287059530084,1.3335819210665,9.82193668848978,38.390994697369,42.4321520339341,88.9054614044334,97.118332528654
181,5.88787640315416,1.30153057332881,9.58587596864396,37.4683043837082,41.4123364240986,86.7687048885875,97.6770895996457
182,6.16696704976651,1.36322429521154,10.0402551266374,39.2443357712414,43.3753184840036,90.8816196807695,98.2038902658549
183,5.76430282205231,1.27421430803262,9.3846895067799,36.6819270494238,40.5431825283105,84.9476205355077,98.7383748545973
184,5.77602935873326,1.27680648982525,9.40378113141134,36.7565504646662,40.6256610398942,85.1204326550164,99.2622715948744
185,5.86290603547668,1.29601080784222,9.54522245775853,37.3094020439425,41.2367075222523,86.4007205228143,99.7559875787417
186,6.046197538473,1.33652787692561,9.84363388719815,38.4758025175555,42.5258869930876,89.1018584617074,100.254950217982
187,5.80318933643644,1.28281027437016,9.44799948107547,36.9293866864137,40.8166905481415,85.5206849580107,100.771418379382
188,6.79030639711552,1.50101509830975,11.0550953272337,43.211040708917,47.7595713098556,100.06767322065,101.281831877401
189,7.70387846314203,1.70296260764192,12.5424547610453,49.0246811290857,54.1851738795158,113.530840509462,101.844897563616
190,7.50142879011514,1.65821057465703,12.2128524863629,47.7363650280055,52.7612455572692,110.547371643802,102.542886625057
191,7.14470448179408,1.57935572755448,11.6320802791314,45.4663012477805,50.2522276949153,105.290381836965,103.287800447388
192,7.43661023956926,1.64388226348373,12.107323337404,47.3238833427134,52.3053447472095,109.592150898915,103.989652068301
193,7.70469298639704,1.70314266015093,12.543780862064,49.0298644588903,54.190902822984,113.542844010062,104.683840411439
194,7.48082587447306,1.65365624593615,12.1793094938789,47.6052555648285,52.6163350979683,110.243749729077,105.415737746626
195,8.2852442930902,1.83147505426204,13.488959129803,52.7242818651194,58.2742062719741,122.098336950803,106.148099845834
196,8.39603853157309,1.85596641224247,13.6693399250874,53.4293361100106,59.0534767531696,123.731094149498,106.921340533326
197,8.85920282367017,1.95835009786393,14.4234038953788,56.3767452415374,62.3111394774887,130.556673190929,107.756223610435
198,8.74981484871835,1.93416959813774,14.2453125958081,55.6806399463895,61.5417599407463,128.944639875849,108.630835865846
199,8.74732503396387,1.93361921803412,14.241259002664,55.6647956706792,61.5242478465402,128.907947868941,109.527266102452
200,8.79347806588218,1.94382146719501,14.3163993774362,55.9584967828866,61.8488648652957,129.588097813,110.411587498635
201,8.4352315178396,1.86463012499612,13.7331488571143,53.6787460226156,59.3291403407856,124.308674999741,111.295512775183
202,8.89161641570435,1.96551520768201,14.4761754978485,56.5830135544822,62.5391202444277,131.034347178801,112.153784273296
203,8.64853794199847,1.91178207138914,14.0804266845168,55.0361505399903,60.8294295441998,127.452138092609,113.015763078097
204,8.81606729151909,1.94881487496738,14.353176221982,56.102246400576,62.0077460216893,129.920991664492,113.889596272639
205,8.75659441944881,1.93566824008869,14.2563502127167,55.7237826692197,61.5894440028218,129.044549339246,114.754033046432
206,8.60274174739682,1.90165870205614,14.0058672659373,54.744720210707,60.5073223381499,126.777246803743,115.622937241386
207,8.45356891918983,1.86868365582091,13.7630034333476,53.7954385766625,59.4581163215743,124.578910388061,116.472996336132
208,9.02371316968456,1.99471554277238,14.6912382832759,57.423629261629,63.4682218154847,132.981036184825,117.297752025335
209,9.49580637647068,2.09907298848299,15.4598391532716,60.4278587593589,66.7886859971861,139.938199232199,118.150740786742
210,10.401614998825,2.29930436816131,16.9345591559817,66.192095447068,73.1596844414962,153.286957877421,119.076529260303
211,10.4357888610031,2.306858590327,16.9901966017735,66.4095654791107,73.4000460558592,153.790572688467,120.115548053253
212,10.5462006092255,2.33126539782879,17.1699546760724,67.1121856950713,74.1766262945525,155.417693188586,121.213206994745
213,10.6295861444947,2.34969798983567,17.3057121791071,67.6428209195116,74.7631178584076,156.646532655711,122.318134775348
214,10.5431591487826,2.33059307499405,17.1650029650356,67.0928309467985,74.1552342043562,155.37287166627,123.435224485878
215,10.7090914909608,2.36727285589659,17.4351524624765,68.1487640333867,75.3223181421642,157.818190393106,124.546646359553
216,10.7796308003781,2.38286575587306,17.5499954083349,68.5976505478608,75.8184558686882,158.857717058204,125.657158779801
217,10.794998023464,2.38626272097626,17.5750143259204,68.6954419674983,75.9265411219718,159.084181398417,126.782607408945
218,10.7474368904902,2.37574920737153,17.4975814638157,68.3927802122105,75.5920202345485,158.383280491435,127.909276966091
219,10.8885241514048,2.40693691767896,17.727281425445,69.2906082362123,76.5843564716031,160.462461178597,129.02646205279
220,10.9708081028076,2.42512600167327,17.8612454726412,69.8142333815031,77.1631000532402,161.675066778218,130.145430781288
221,11.008325578283,2.43341933835729,17.9223265555204,70.0529809527099,77.426978947732,162.227955890486,131.278024112495
222,11.0015103557671,2.43191281548535,17.9112308950032,70.0096113548812,77.3790441290793,162.127521032357,132.41503378244
223,11.1281177105455,2.45989970443637,18.1173565533092,70.8152945216532,78.2695360502482,163.993313629092,133.548403934898
224,11.2167153380256,2.47948444314251,18.2615997082242,71.3790976056176,78.8926868272615,165.298962876167,134.686241759043
225,11.2696046997543,2.49117577573517,18.3477073006527,71.7156662711639,79.2646837733917,166.078385049011,135.837280293501
226,11.2953896150792,2.49687559912277,18.3896869522693,71.8797520959585,79.44604179027,166.458373274851,136.994770483357
227,11.3066013989076,2.49935399344274,18.4079405231338,71.9510998112303,79.5248997913598,166.623599562849,138.152650888047
228,11.4200346880578,2.52442872051803,18.592617878101,72.672948014913,80.3227320164828,168.295248034535,139.307095150645
229,11.5413827952147,2.5512530389422,18.7901811122092,73.4451632422755,81.1762330572519,170.08353592948,140.466436442048
230,11.5434346377035,2.55170660412394,18.7935216557699,73.4582204217496,81.1906646766706,170.113773608262,141.641962668582
231,11.6037957526383,2.56504958742531,18.8917937867515,73.8423366076982,81.6152141453506,171.003305828354,142.822082334869
232,11.7349298680863,2.59403712873488,19.105289329095,74.6768264332768,82.5375450052007,172.935808582325,143.999950197415
233,11.7594247916446,2.59945179604775,19.1451687835897,74.8327032195563,82.7098298742464,173.296786403183,145.191642526663
234,11.7903674440337,2.6062917507864,19.1955455930935,75.0296110074873,82.9274647977491,173.75278338576,146.390824269836
235,11.829355425837,2.61491014676397,19.259020763468,75.2777163462355,83.2016864879445,174.327343117598,147.58611716435
236,11.9461037928713,2.64071768052944,19.4490952978676,76.0206605000899,84.0228352895731,176.047845368629,148.780402384051
237,12.0069519497943,2.65416832574401,19.5481603673844,76.4078760441457,84.4508103645821,176.944555049601,149.983401420275
238,12.0862018752756,2.67168673032409,19.6771848074663,76.9121937517539,85.0082141466754,178.112448688272,151.196656191697
239,12.1451429140765,2.68471580205901,19.7731449548473,77.2872730895778,85.4227755200596,178.981053470601,152.417838164459
240,12.2050545754536,2.6979594324687,19.8706853438965,77.6685291165231,85.8441637603676,179.86396216458,153.646294438667
241,12.2638525633922,2.71095688243406,19.966412594435,78.0426981306772,86.2577189865379,180.730458828937,154.879347239937
242,12.3223372030712,2.72388506594205,20.0616296920176,78.4148731104531,86.6690702799745,181.59233772947,156.117536888286
243,12.3798970988966,2.73660883238767,20.1553412417123,78.7811633566147,87.0739173941531,182.440588825845,157.360280291107
244,12.4390471133162,2.74968409873305,20.2516416160656,79.1575725392843,87.4899485960511,183.312273248869,158.607290135763
245,12.4365584778134,2.74913397930612,20.247589942826,79.1417357679033,87.4724447961037,183.275598620408,159.85832258324
246,12.4250495450049,2.74658989942213,20.2288525925693,79.0684971045765,87.391496799795,183.105993294809,161.115084255428
247,12.4229486811369,2.74612549793552,20.2254322387632,79.0551279708714,87.3767203888578,183.075033195702,162.374028892496
248,12.628755759971,2.79161969430938,20.5605006057072,80.3648093816336,88.8242630007529,186.107979620625,163.632647576515
249,12.6924093633417,2.80569049084395,20.6641331389141,80.7698777667198,89.2719701632166,187.04603272293,164.898182260722
250,12.7423549056622,2.81673108440955,20.7454479867624,81.0877130360323,89.6232617766673,187.78207229397,166.1708288209
251,12.7851677715871,2.82619498108767,20.8151503368996,81.3601585464628,89.9243857618799,188.412998739177,167.447259063403
252,12.8044270624665,2.83045229801891,20.8465058139805,81.4827176702415,90.0598458460564,188.696819867928,168.727181968589
253,12.8683432830289,2.8445811467748,20.9505659064049,81.889457255638,90.5094001246525,189.63874311832,170.00980826592
254,12.9566090712888,2.86409253154805,21.0942688037824,82.4511486354745,91.1302169128928,190.939502103204,171.295366233841
255,13.0159612137522,2.87721247882943,21.1908982567755,82.8288440875141,91.5476697809366,191.814165255296,172.585610305395
256,13.0848805074026,2.89244727005742,21.3031037032801,83.2674214107443,92.0324131381911,192.829818003829,173.880283984247
257,13.1218317664424,2.90061544310833,21.3632629460677,83.5025657864522,92.2923095534472,193.374362873889,175.178922653071
258,13.1414845501025,2.90495974265425,21.395259057009,83.6276289551977,92.4305372662712,193.663982843616,176.481119338699
259,13.2171366406131,2.92168283634606,21.5184259692789,84.1090513493559,92.9626357019197,194.778855756403,177.785726538977
260,13.2592901830499,2.93100098783209,21.5870548945093,84.3773011648634,93.2591223401122,195.400065855473,179.093500334469
261,13.3118699444411,2.9426238824554,21.672658435862,84.7118996464433,93.6289417144899,196.174925497026,180.405039830357
262,13.3453060944362,2.95001503140169,21.7270948344505,84.9246751464124,93.8641146355084,196.667668760113,181.719693983245
263,13.3943626542756,2.96085911305039,21.8069623564346,85.236853254481,94.2091535970579,197.390607536693,183.037173952175
264,13.4036475787309,2.96291157003525,21.8220788650215,85.2959391373783,94.274459046576,197.52743800235,184.357303209072
265,13.4619558271468,2.97580076179034,21.9170087852495,85.6669916272974,94.6845696933287,198.386717452689,185.679239274978
266,13.4079525237454,2.96386318945952,21.8290876176066,85.3233342420161,94.3047378464389,197.590879297301,187.003151085799
267,13.3979862960151,2.96166012859282,21.8128618994772,85.2599127928233,94.2346404552257,197.444008572854,188.326705629066
268,13.4336241911326,2.96953797909248,21.8708828936335,85.4866993981164,94.4852993347603,197.969198606164,189.646690195621
269,13.535484915062,2.9920545601716,22.0367193003114,86.1349040049399,95.2017360054599,199.47030401144,190.966575795802
270,13.4988650015733,2.98395963192673,21.9770995113333,85.9018681918301,94.9441701067596,198.930642128449,192.291093725695
271,13.4953361774771,2.98317957607388,21.9713543380679,85.8794120384907,94.9193501478055,198.878638404926,193.61722311355
272,13.5199036643102,2.98861028368963,22.0113519306664,86.035750591065,95.0921453901245,199.240685579308,194.940280111384
273,13.5847520256405,3.00294518461528,22.1169296136744,86.4484219813486,95.5482558741222,200.196345641018,196.2628489983
274,13.623670468675,3.01154820886499,22.1802915700533,86.6960848006586,95.8219884638858,200.769880590999,197.587957873986
275,13.5926082213536,3.00468181735185,22.1297200516072,86.4984159540684,95.6035123702861,200.31212115679,198.91625128562
276,13.5901889572188,3.00414703264838,22.125781319823,86.4830206368472,95.5864964933575,200.276468843225,200.243446282178
277,13.6203242083896,3.01080850922296,22.1748436234833,86.6747904170245,95.798452566185,200.720567281531,201.567539714457
278,13.8301697443343,3.05719541716863,22.5164868820039,88.0101711003089,97.2743996371835,203.813027811242,202.891296370607
279,13.8742848213555,3.06694717103649,22.5883093231894,88.2909034086258,97.5846827147969,204.463144735765,204.224562308679
280,13.550475369214,2.99536823951047,22.0611248116326,86.2302978040892,95.3071712571512,199.691215967364,205.567681368821
281,13.6018757823205,3.00673043609191,22.1448082912166,86.5573913420394,95.6686956938331,200.44869573946,206.896928641952
282,13.6530869140427,3.01805079152523,22.2281836074239,86.8832803620897,96.028888821257,201.203386101681,208.211088272462
283,13.7046729912827,3.02945402965196,22.3121693612462,87.2115553990718,96.39171912529,201.963601976798,209.52840809708
284,13.6620215521672,3.02002581679487,22.2427298252828,86.9401371501549,96.0917305343818,201.33505445299,210.848889938786
285,13.4799299131509,2.97977398080177,21.9462718586035,85.7813721745967,94.8109902982384,198.651598720119,212.168064342346
286,13.5764677542141,3.00111392461575,22.1034422384398,86.3957038904533,95.489988510501,200.07426164105,213.474657968575
287,13.5598313100621,2.99743639485584,22.0763569398906,86.2898356094863,95.3729761999585,199.829092990389,214.775110235825
288,13.1390071438003,2.90441210547165,21.3912256656959,83.6118636423659,92.4131124468255,193.627473698111,216.077668974537
289,13.0471270771526,2.88410177494952,21.2416384694694,83.0271723091528,91.7668746574847,192.273451663301,217.357036868134
290,12.9422883777251,2.86092690454975,21.0709537096997,82.3600169491593,91.0294924174918,190.728460303316,218.608418971924
291,13.015770277406,2.87717027184765,21.1905873990049,82.8276290380381,91.5463268315158,191.811351456509,219.84796339186
292,13.0468093051212,2.88403153060573,21.2411211143025,83.0251501234983,91.7646396101823,192.268768707049,221.084039374634
293,13.0204964946747,2.87821501461229,21.1982820123826,82.8577049661115,91.5795686467548,191.881000974153,222.323612672863
294,13.0411938559909,2.882790220798,21.2319787690519,82.9894154472147,91.7251433890267,192.186014719866,223.561603741822
295,12.9232061712982,2.85670873260275,21.0398865385345,82.2385847264432,90.8952778555425,190.447248840184,224.797472545004
296,12.7645724950543,2.82164234101201,20.7816197814217,81.2290976957998,89.7795290321998,188.1094894008,226.026585102871
297,12.5853587090396,2.78202666199824,20.4898471613838,80.0886463302521,88.5190301544891,185.468444133215,227.239736684548
298,12.928470872206,2.85787250859291,21.0484578410652,82.2720873685842,90.932307091593,190.524833906195,228.433732156457
299,13.0747227625997,2.89020187383783,21.2865661819167,83.2027812165434,91.9609687130217,192.680124922522,229.634383226868
300,12.9697845921063,2.86700501509718,21.1157194762713,82.5349928588579,91.2228868440008,191.133667673144,230.8583127621
301,12.9313003944971,2.85849798194147,21.0530645019181,82.2900934195269,90.9522085163192,190.566532129431,232.082579873758
302,13.0562044119519,2.88610834369464,21.2564170075288,83.084937166967,91.8307200266477,192.407222912976,233.297702802683
303,12.9019227713725,2.85200398104025,21.0052356698837,82.1031449087343,90.7455812149169,190.133598736016,234.5154507557
304,12.5304176125057,2.76988178802758,20.4003992007111,79.7390211704911,88.1326023463322,184.658785868506,235.729952426654
305,12.6391762382764,2.79392316846111,20.5774658756501,80.4311215163043,88.8975553601258,186.261544564073,236.915776369935
306,12.9690386686454,2.86684012675321,21.1145050605315,82.5302460731984,91.2176403966929,191.12267511688,238.086229938832
307,12.4769364852428,2.7580596441063,20.3133281724654,79.3986867242723,87.7564432215642,183.87064294042,239.277566163437
308,12.4678658513396,2.75605455661192,20.2985605439354,79.3409645085248,87.6926449831064,183.736970440794,240.458968736964
309,12.3270457457017,2.72492590168144,20.0692955298442,78.4448365635567,86.7021877807732,181.661726778763,241.612690292619
310,12.5336407322197,2.77059426712224,20.4056466657892,79.7595319323065,88.1552721357072,184.706284474815,242.757021831445
311,12.5085458862213,2.76504698537523,20.364790495462,79.5998374577719,87.9787677164848,184.336465691682,243.903078794025
312,12.0831272700878,2.67100708075625,19.6721791344587,76.8926280823766,84.986588933153,178.067138717083,245.056861145319
313,12.0174925823146,2.65649836030112,19.5653212568209,76.4749527965471,84.5249478277626,177.099890686741,246.185800261325
314,11.9300790521782,2.63717536942886,19.423005895476,75.9186848774971,83.9101253909179,175.811691295257,247.287646726189
315,11.7579045316946,2.59911573858513,19.1426936937064,74.8230288380568,82.6991371367996,173.274382572342,248.380002081548
316,11.457876587555,2.53279377198585,18.6542271460545,72.913760102623,80.5888927450044,168.85291813239,249.45735967523
317,11.7438117222839,2.59600048597854,19.1197496110165,74.7333473236245,82.6000154629534,173.066699065236,250.508688360354
318,11.8210066773308,2.61306463393629,19.2454284150228,75.2245879466508,83.1429656252456,174.204308929086,251.557789172099
319,11.924909854607,2.63603270470261,19.4145900790795,75.885789983863,83.8737678769012,175.735513646841,252.624300784882
320,11.3835191646406,2.51635686797318,18.533168043485,72.4405765022582,80.0659003446012,167.757124531545,253.698714034402
321,12.0583108286963,2.66552134108023,19.6317762263686,76.7347052735217,84.8120426707345,177.701422738682,254.748996280943
322,11.7701074232114,2.60181321986779,19.1625608574389,74.9006836022545,82.7849660867023,173.454214657852,255.804673609933
323,11.7245090568312,2.59173358098375,19.0883235170866,74.6105121798351,82.4642503040283,172.78223873225,256.878969465913
324,11.6087759117015,2.56615046469192,18.8999018351913,73.8740285290097,81.6502420583791,171.076697646128,257.934496114256
325,11.5616953820271,2.55574318971126,18.8232514289845,73.5744251583545,81.3191014908129,170.382879314084,258.980228316897
326,11.7236206932114,2.59153720586777,19.0868771987722,74.6048589567995,82.4580020048837,172.769147057852,260.016101364275
327,11.9404291348517,2.63946328244091,19.4398565563902,75.9845490399658,83.9829226231201,175.964218829394,261.056495340139
328,11.8184528974921,2.61250011418247,19.2412706822328,75.2083366204045,83.1250036330787,174.166674278832,262.115039745512
329,11.5816424979578,2.56015255218015,18.8557267335173,73.7013613506406,81.4593993875502,170.67683681201,263.177052587832
330,11.5978617038422,2.56373785032302,18.882132738887,73.8045744789959,81.5734770557323,170.915856688201,264.21910759125
331,11.4293703793803,2.52649239965248,18.6078170387103,72.7323569596926,80.3883945343971,168.432826643499,265.248353381937
332,11.6077931156752,2.565933215044,18.8983017742923,73.8677743724787,81.6433295695817,171.062214336266,266.268359570318
333,11.7219404367093,2.59116578074628,19.0841416232741,74.594166415423,82.4461839328359,172.744385383085,267.287494656074
334,11.5576887491745,2.55485751297541,18.8167283495332,73.5489284038375,81.2909208673993,170.323834198361,268.320360426071
335,11.6003888336405,2.56429647901527,18.8862470835411,73.8206562140761,81.5912516050314,170.953098601018,269.349273210382
336,11.3853872379596,2.51676981049633,18.5362093979412,72.4524642415609,80.0790394248831,167.784654033088,270.370540865916
337,11.5369061112584,2.55026345617291,18.7828927565751,73.4166752534625,81.1447463327743,170.01756374486,271.381581553505
338,11.5847029576681,2.56082907485296,18.8607093766948,73.7208370033426,81.4809251089576,170.72193832353,272.387999011612
339,11.4836327919831,2.53848724875415,18.6961600543163,73.0776632217104,80.7700488239957,169.232483250277,273.403353572239
340,11.2496080685275,2.48675546777976,18.315151381743,71.5884149815385,79.1240376111742,165.783697851984,274.414632012112
341,11.6332265618086,2.57155534524191,18.9397092094007,74.0296235751457,81.8222155304242,171.437023016127,275.407342094692
342,11.7089977768882,2.58830477173318,19.0630700648285,74.5118040347431,82.3551518278739,172.553651448879,276.406404712829
343,11.9580851042082,2.64336618093024,19.4686017135179,76.0969052085979,84.1071057568714,176.224412062016,277.427784958112
344,11.6721457508328,2.58015853439461,19.0030723803032,74.277291141663,82.0959533671012,172.010568959641,278.464460956063
345,12.1908530376691,2.69482014516896,19.847564243784,77.5781556942577,85.7442773462849,179.654676344597,279.49790222508
346,12.1231561274149,2.6798555650075,19.7373489232298,77.1473571744583,85.2681316138749,178.657037667167,280.541838938231
347,11.5321702192894,2.54921657479029,18.7751823921063,73.3865377591145,81.1114364706002,169.947771652686,281.607495025326
348,11.8829270878158,2.62675230362245,19.3462391885844,75.6186269224643,83.5784823879869,175.116820241496,282.638066060691
349,12.0559013780445,2.66498872567299,19.6278534716233,76.7193724057379,84.7950958168682,177.665915044867,283.654977580303
350,12.0826015647387,2.67089087220539,19.6713232492587,76.8892826847009,84.9828913883536,178.05939148036,284.697343479887
351,11.9616759635693,2.64415994984164,19.4744478845479,76.1197561318049,84.1323620404159,176.277329989443,285.748536178656
352,12.4660631479208,2.75565606427722,20.295625616264,79.3294927594959,87.6799656815481,183.710404285148,286.793547751058
353,11.9806760836066,2.6483599763762,19.5053814133104,76.2406659865878,84.2659992483339,176.557331758414,287.856673457313
354,12.0293378822784,2.65911679502997,19.5846062364112,76.5503319781352,84.6082616600442,177.274453001997,288.919415689046
355,11.6328622466516,2.57147481241772,18.9391160787591,74.0273052059647,81.8196531223821,171.431654161181,289.958526304426
356,11.7424353282855,2.59569623046311,19.1175087449981,74.7245884527258,82.5903346056443,173.046415364207,290.978570852611
357,11.8698557769061,2.62386285594766,19.3249581771383,75.5354458530386,83.4865454165163,174.92419039651,291.982680841913
358,12.1419778733246,2.68401616147175,19.7679920463951,77.2671319211562,85.4005142286463,178.934410764783,292.997568263461
359,12.0122138888912,2.65533149122858,19.556727173493,76.4413611111255,84.4878201754545,177.022099415238,294.031454390758
360,11.9220650614261,2.63540385568367,19.4099585561464,75.8676867545299,83.8537590444804,175.693590378911,295.071259221683
361,11.9178933228505,2.63448168189326,19.4031666729916,75.8411393272299,83.8244171511489,175.632112126217,296.098551893069
362,12.0292999886951,2.65910841855365,19.5845445429983,76.5500908371508,84.6079951357982,177.273894570244,297.119731677274
363,12.2926074036007,2.71731321553279,20.013227492178,78.225683477459,86.4599659487705,181.154214368852,298.145037057108
364,12.3769892135682,2.7359660366835,20.1506070003356,78.762658631798,87.0534648035662,182.397735778901,299.18800804088
365,12.3682008357789,2.73402334264586,20.1362989045663,78.70673259132,86.9916518114589,182.268222843057,300.247248473952
366,12.4705235234508,2.75664204202598,20.3028874206358,79.3578769674146,87.7113377008266,183.776136135065,301.308945206617
367,12.1041000792495,2.67564317541305,19.7063243395501,77.0260914134063,85.1341010358701,178.376211694204,302.373988477037
368,11.9414571302247,2.63969052352335,19.4415302049974,75.9910908287024,83.9901530211974,175.97936823489,303.42432106364
369,12.0239126247227,2.65791752757027,19.5757735363906,76.5158076118714,84.5701031499631,177.194501838018,304.44656506933
370,12.6081217273936,2.78705848710805,20.5269069526688,80.2335019015954,88.6791336807107,185.803899140537,305.46344937303
371,12.4393664706573,2.74975469351372,20.252161552228,79.1596048132735,87.492194793618,183.316979567581,306.512649789163
372,12.9876026305966,2.87094373939503,21.1447284933221,82.6483803765233,91.3482098898415,191.396249293001,307.581518330338
373,12.9799864080179,2.86926015335133,21.1323287484923,82.5999135055689,91.2946412429972,191.284010223423,308.66805613517
374,12.9243662192053,2.85696516424539,21.0417751779343,82.2459668494883,90.9034370441712,190.464344283025,309.78038808903
375,12.6292161145675,2.7917214569044,20.5612500952959,80.3677389108841,88.8275009015035,186.114763793626,310.888104098607
376,12.5775434657216,2.78029908189636,20.477123396824,80.0389129636834,88.4640616967027,185.353272126425,311.976789871402
377,12.5733232800754,2.77936619875352,20.4702526384386,80.0120572368438,88.4343790512484,185.291079916901,313.046656315527
378,12.7430111622432,2.81687615165376,20.7465164185293,81.091889214275,89.6278775526197,187.791743443584,314.112347379014
379,12.7030087788532,2.80803351953598,20.6813897311856,80.8373285927026,89.346521076145,187.202234635732,315.184973490382
380,13.0911521211055,2.89383362677068,21.3133143305015,83.307331679762,92.076524488158,192.922241784712,316.26274540011
381,13.0642097428208,2.88787794314986,21.2694502479608,83.1358801815871,91.8870254638594,192.525196209991,317.356546592383
382,12.8792751891072,2.8469976733816,20.9683638166518,81.9590239306826,90.5862896075966,189.799844892107,318.467036837242
383,13.1182626286792,2.8998264758133,21.3574521393233,83.4798530915953,92.2672060486053,193.321765054221,319.565517128402
384,13.3526918056294,2.95164766229703,21.7391192905686,84.9716751267327,93.9160619821783,196.776510819802,320.665271507243
385,13.6922054556442,3.02669804808978,22.291871338312,87.1322165359175,96.3040288028562,201.779869872651,321.787241383619
386,13.5016670321805,2.98457902816622,21.9816614137956,85.9196992956939,94.9638781689248,198.971935211081,322.936334321208
387,13.7019237862309,3.02884631064052,22.3076934624952,87.194060457833,96.3723826112892,201.923087376034,324.091370402928
388,14.22152935071,3.14370648805168,23.1536477850155,90.5006413226999,100.027024619826,209.580432536779,325.245374653885
389,14.4122048058801,3.18585579919456,23.4640808067662,91.7140305828735,101.368139065281,212.39038661297,326.433553840957
390,14.3405684483197,3.1700203938391,23.3474517895451,91.2581628529438,100.864285258517,211.334692922607,327.655256920339
391,14.0399355507412,3.10356470069016,22.8580003352418,89.3450444138073,98.7497859310501,206.904313379343,328.881234358795
392,14.1939500683793,3.13761001511542,23.1087467779929,90.3251367987767,99.83304593549,209.174001007693,330.087289431698
393,14.3177016695257,3.16496563221094,23.3102230689822,91.112646987891,100.703451933985,210.997708814063,331.284515751887
394,14.404831548927,3.18422592134177,23.452076627025,91.6671098568085,101.31627931542,212.281728089451,332.493876611148
395,14.3184943400321,3.16514085411235,23.3115135921925,91.1176912547492,100.709027176302,211.009390274156,333.71204222485
396,14.598270301874,3.22698606673005,23.7670084914721,92.8980837391979,102.676829395956,215.132404448669,334.928673441258
397,14.2876060119399,3.1583129079025,23.2612252264565,90.9211291668897,100.491774342352,210.554193860166,336.153210834296
398,14.0549180425508,3.10687661993229,22.8823928833108,89.4403875435055,98.8551651796639,207.125107995486,337.374677330028
399,13.9396127387098,3.08138807908323,22.6946677570574,88.7066265190629,98.0441661526485,205.425871938882,338.567858640586
400,13.6656357878364,3.02082475310069,22.2486140545828,86.963136831686,96.1171512350214,201.388316873378,339.742374167724
401,14.1859190463069,3.13583473655205,23.0956717104786,90.2740302946797,99.7765597993829,209.055649103469,340.896216479053
402,14.3293418053529,3.16753871486749,23.3291740269606,91.186720579519,100.785322745784,211.169247657833,342.060687938083
403,14.2453953719276,3.14898213484717,23.1925033423664,90.652516003176,100.194886108773,209.932142323144,343.256320941407
404,14.3130941069215,3.16394711837213,23.3027216337249,91.0833261349554,100.671044675477,210.929807891476,344.453352591445
405,14.6732485706791,3.24356021036065,23.8890783747197,93.3752181770491,103.204188511475,216.237347357377,345.648049493883
406,14.5518204958353,3.21671821486886,23.6913849476056,92.6024940644067,102.350125018555,214.447880991258,346.86216321272
407,14.9769498706891,3.3106941819418,24.3835254035078,95.3078628134762,105.340269425421,220.712945462787,348.086409618061
408,14.6778194793337,3.24457062174745,23.8965201347748,93.404305777578,103.236337964692,216.304708116496,349.323887984407
409,14.55479741609,3.21737627092516,23.6962315826869,92.6214381023906,102.3710631658,214.49175139501,350.565949463874
410,14.8032092340473,3.27228835699993,24.1006634547296,94.2022405803008,104.118265904543,218.152557133328,351.785824743419
411,15.3843069350383,3.40074153300846,25.046731290729,97.9001350411529,108.205412413906,226.716102200565,353.010241309198
412,15.6150023415089,3.45173735970196,25.4223196016144,99.368196718693,109.828006899608,230.115823980131,354.273443816069
413,15.24078422322,3.36901545986969,24.8130662441196,96.9868086932185,107.195946450399,224.60103065798,355.574291427202
414,15.6512123444854,3.4597416761494,25.481272027513,99.5986240103611,110.082689695662,230.649445076626,356.86658292651
415,15.5512482396486,3.4376443477118,25.3185234498139,98.9624887977639,109.379592881739,229.176289847453,358.158916269385
416,15.6042650200052,3.44936384652746,25.4048384887102,99.2998683091234,109.752486025873,229.957589768496,359.464562760741
417,15.042395742145,3.32516116405312,24.4900758749309,95.7243365409227,105.800582492599,221.677410936874,360.766259289004
418,14.9821348183018,3.3118403282562,24.3919668620774,95.340857934648,105.376737717242,220.789355217079,362.041814238985
419,15.7735330471364,3.48678098936699,25.6804187153378,100.377028481777,110.943031479859,232.452065957799,363.28558598273
420,16.5291531277995,3.65381279667146,26.9106212326279,105.185519904178,116.257679894092,243.587519778097,364.563144373715
421,16.8982150251273,3.73539490029131,27.5114799005582,107.534095614447,118.853474100178,249.026326686088,365.91336878569
422,17.5045035560344,3.86941657554444,28.4985601754384,111.392295356583,123.11780013096,257.961105036296,367.315190688539
423,17.2006904273369,3.80225788393764,28.0039310816994,109.458939083053,120.980932670743,253.483858929175,368.76110681754
424,17.4305239844347,3.85306319655926,28.3781162413253,110.921516264585,122.597465345068,256.870879770618,370.219231857911
425,16.6658891817428,3.68403866122735,27.1332371239601,106.055658429272,117.219411948143,245.602577415156,371.671985879348
426,17.2645020948516,3.81636362096719,28.107820954425,109.865013330874,121.429751576229,254.424241397813,373.098166296877
427,17.526744096358,3.87433290551071,28.5347693358249,111.533826067733,123.274228811704,258.288860367381,374.514528164576
428,17.5861700296928,3.88746916445841,28.6315189255349,111.911991098045,123.692200687313,259.164610963893,375.969260101013
429,17.3541657803186,3.83618401459675,28.2537997265538,110.435600420209,122.060400464442,255.745600973117,377.437062347217
430,17.3247291257203,3.82967696463291,28.2058747871376,110.248276254584,121.853357965592,255.311797642194,378.895044398024
431,17.3261875960309,3.82999936333315,28.2082492791521,110.257557429288,121.863616106055,255.333290888877,380.338970814707
432,17.3145463671959,3.82742603906437,28.1892965416804,110.183476882156,121.781737606594,255.161735937625,381.779755642587
433,17.2383230238161,3.81057666842251,28.0651995896515,109.698419242466,121.245621267989,254.038444561501,383.21823741996
434,17.7025693313741,3.91319953640901,28.8210251570441,112.652713926926,124.510894340287,260.879969093934,384.650800473998
435,17.8993381961197,3.95669581177384,29.1413786771914,113.904879429853,125.894866738258,263.779720784922,386.099662514684
436,18.321039294998,4.0499139494206,29.8279376592247,116.58843187726,128.860898390656,269.994263294708,387.57726023376
437,18.1378753273227,4.00942507235554,29.5297338662376,115.422842992053,127.572615938585,267.295004823701,389.081448893981
438,17.6885187706662,3.91009362298938,28.7981498582075,112.563301267876,124.412069822389,260.672908199291,390.594627514205
439,17.7729073492296,3.92874794035603,28.9355403861142,113.100319495098,125.005616284055,261.916529357068,392.077038219039
440,17.9213267128249,3.96155643125604,29.1771775254413,114.044806354341,126.049522812692,264.103762083736,393.54061841664
441,18.6034707540759,4.11234616669046,30.2877558943551,118.385722980483,130.84737803106,274.156411112698,395.013111633166
442,19.1037946302657,4.222944076164,31.1023182752396,121.5696021926,134.3664024234,281.529605077601,396.522028050947
443,19.003171738675,4.20070112118079,30.9384971464743,120.929274700659,133.65867203757,280.046741412052,398.082415207421
444,18.4945234734481,4.08826308360433,30.1103820760699,117.692422103761,130.081098114683,272.550872240289,399.658592908369
445,18.5366588839266,4.09757722697326,30.1789814811999,117.960556534079,130.377457221877,273.171815131551,401.205847157991
446,19.5231864279273,4.31565173669973,31.7851175528361,124.23845908681,137.316191622264,287.710115779982,402.729929707744
447,19.4787015404609,4.30581823525977,31.7126930342942,123.955373439297,137.003307485538,287.054549017319,404.29889491739
448,19.6049592392969,4.33372783184457,31.9182494281886,124.758831522798,137.891340104145,288.915188789638,405.906929325344
449,19.6686148019288,4.34779906147899,32.0218851512103,125.163912375911,138.339061047059,289.853270765267,407.516613556845
450,19.7152893079587,4.35811658386456,32.097874522431,125.460931959737,138.667345850236,290.541105590971,409.13264487499
451,19.8414311603306,4.38600057228361,32.3032423101523,126.263652838468,139.55456366357,292.400038152241,410.751558917305
452,20.175739113804,4.45990022515667,32.8475191186142,128.391067087844,141.905916254985,297.326681677112,412.376045647804
453,20.5783626286902,4.54890121265783,33.5030184551307,130.953216728029,144.737765857295,303.260080843856,414.018435449204
454,21.1833023091076,4.68262472096062,34.4879027067576,134.802832876139,148.992604757838,312.174981397375,415.68996626172
455,21.0841689544076,4.66071103202695,34.3265066485794,134.171984255321,148.295351019039,310.714068801796,417.400583892275
456,20.7157571916511,4.57927264236498,33.7267064453548,131.827545765052,145.704129529795,305.284842824331,419.128505708291
457,20.9589122000078,4.63302269684382,34.1225798624688,133.374895818231,147.41435853594,308.868179789588,420.837080102813
458,21.2655687904262,4.70080994314684,34.6218383114307,135.326346848167,149.571225463763,313.387329543123,422.538737121754
459,21.2817170060352,4.70437954870252,34.6481287396503,135.429108220224,149.684803822353,313.625303246835,424.260336665127
460,21.4664332141725,4.74521155260655,34.9488596890387,136.60457499928,150.984003946572,316.347436840437,425.992548899111
461,21.9290282950001,4.84746941257897,35.7019969434387,139.548361877273,154.237663127513,323.164627505265,427.73074306687
462,22.2504462113436,4.91851968882332,36.2252878668892,141.593748617641,156.498353735287,327.901312588221,429.491001356218
463,22.326859465253,4.93541103968751,36.3496940065873,142.080014778882,157.035805808238,329.027402645833,431.274602892354
464,22.5302116925631,4.98036258467185,36.6807657029799,143.374074407219,158.466082239558,332.024172311456,433.067564746239
465,22.6379296490724,5.00417392242654,36.8561380953319,144.059552312279,159.223715713571,333.611594828435,434.865998389373
466,22.6880896755767,5.01526192828537,36.9378021384827,144.378752480942,159.576515899989,334.350795219025,436.66870158094
467,22.6487156027853,5.00655818587885,36.8736983848855,144.128190199542,159.299578641599,333.770545725256,438.456360315623
468,21.9499719867229,4.85209907074929,35.7360947432963,139.68163991551,154.384970432932,323.473271383286,440.202815195001
469,20.9126687060793,4.62280045081754,34.0472922091958,133.080619038687,147.089105253285,308.186696721169,441.883658629159
470,20.6576915809839,4.56643708632276,33.6321715564089,131.458037333534,145.295725473906,304.429139088185,443.422399477713
471,20.7510768434031,4.58708014433121,33.7842093169791,132.052307185293,145.952550046902,305.805342955414,444.858435411717
472,20.3099129590471,4.48955970673674,33.0659635543785,129.244900648482,142.849627032533,299.303980449116,446.278351176894
473,18.6964021997533,4.1328889073139,30.4390548094229,118.977104907521,131.50101068726,275.525927154259,447.670290507629
474,18.788089555005,4.15315663847479,30.588328257973,119.560569895486,132.14589304238,276.877109231653,448.922172523786
475,19.8327537720997,4.38408241277994,32.2891149131729,126.20843309518,139.493531315725,292.272160851996,450.063717006581
476,19.5621103612831,4.32425597459942,31.8484884478434,124.486156844529,137.589962828163,288.283731639961,451.279275437982
477,20.0627391529074,4.43492128643217,32.6635472524528,127.671976427593,141.111131841023,295.661419095478,452.541771423622
478,19.063503608603,4.21403763979646,31.0367216645327,121.313204782019,134.083015811706,280.935842653097,453.816183517674
479,20.5145593431398,4.53479732848354,33.3991422288311,130.547195819981,144.289005906294,302.319821898902,455.054646737699
480,21.2551101442094,4.69849803187786,34.6048109014496,135.259791826787,149.497664650659,313.23320212519,456.321514527278
481,19.8354267447946,4.38467328042828,32.2934667002971,126.22544292142,139.512331649991,292.311552028552,457.731839730406
482,18.6518088508873,4.12303143019615,30.3664537081113,118.693329051101,131.187363688059,274.868762013076,459.09473026369
483,19.7689789531002,4.36998482121162,32.1852850324157,125.80259333791,139.044971584006,291.332321414108,460.275130851764
484,18.8284430664474,4.16207688837259,30.6540266064267,119.817364968302,132.429719175491,277.471792558172,461.447075284243
485,18.4365884058175,4.07545638444387,30.0160597203485,117.323744400657,129.673612232305,271.697092296257,462.627072862344
486,20.0881854143933,4.44054624949747,32.7049755518544,127.833907182503,141.290107938556,296.036416633165,463.714164180668
487,21.2759190487241,4.70309789498111,34.6386892582736,135.392212128244,149.644023931218,313.539859665408,464.88490916186
488,18.0444763736096,3.98877898785055,29.3776738152802,114.82848601388,126.915695067972,265.918599190037,466.242507264157
489,18.0675757382048,3.99388516318212,29.4152812018493,114.975481970395,127.078164283068,266.259010878808,467.472517342749
490,18.8080962847195,4.15757917872746,30.6209006179292,119.687885448215,132.286610232238,277.171945248498,468.469659852153
491,18.4741339256384,4.08375592040427,30.0771864613902,117.562670435881,129.9376883765,272.250394693618,469.514512567779
492,18.9273616907384,4.18394311058428,30.8150730684302,120.446847122881,133.1254626095,278.929540705619,470.582684867187
493,17.0516846566156,3.76931976619924,27.7613392304198,108.510720542099,119.932901651794,251.287984413282,471.655647106821
494,18.9745097527356,4.19436531376261,30.8918334219976,120.746880244681,133.457078165174,279.624354250841,472.635653669524
495,19.0822059488523,4.21817184132526,31.0671703869035,121.432219674515,134.214558587622,281.21145608835,473.615827074236
496,20.1146749161647,4.44640182357324,32.7481023196505,128.00247673923,141.476421659148,296.426788238216,474.722971368687
497,22.4451279648395,4.96155460275399,36.5422434234579,142.832632503524,157.867646451263,330.770306850265,475.90375055547
498,22.8472857040815,5.05045262932328,37.1969844445396,145.391818116882,160.696220023922,336.696841954884,477.320260667202
499,22.391151334859,4.94962292665305,36.4543656820161,142.489144858194,157.488002211688,329.97486177687,478.913057001534
500,23.5518060718815,5.20618871062644,38.3439930433439,149.875129548337,165.651458974477,347.079247375095,480.497205596182
501,22.993608086078,5.08279757692251,37.4352075506673,146.322960547769,161.725377447535,338.853171794834,482.135819254785
502,23.5103862610318,5.19703275243861,38.2765586846272,149.611548933839,165.360133032138,346.468850162574,483.809457787418
503,23.4523788124725,5.18421005328339,38.1821184876745,149.242410624825,164.952138059017,345.614003552227,485.472268877769
504,23.4469531900728,5.18301070517399,38.1732851936624,149.207883936827,164.913976982809,345.534047011599,487.163320027605
505,22.7077059983296,5.01959816805181,36.9697388885086,144.503583625734,159.714487165285,334.63987787012,488.843110322953
506,22.735471716331,5.0257358530837,37.0149434258863,144.680274558471,159.909777143573,335.049056872247,490.464013381351
507,22.1835417681766,4.90373028559694,36.1163627383647,141.167993070215,156.027781814448,326.91535237313,492.023751995338
508,22.0639333757688,4.87729053569627,35.9216318819535,140.406848754893,155.186517044882,325.152702379752,493.542278797908
509,21.73535773675,4.80465802601843,35.3866876836913,138.315912870228,152.875482646041,320.310535067896,495.0076470998
510,21.000647376465,4.64224836742911,34.1905276585255,133.640483304777,147.707902600017,309.483224495274,496.437671044814
511,19.6898923356006,4.35250251629067,32.0565264691884,125.299314862913,138.48871642743,290.166834419377,497.791433297452
512,18.4527703362652,4.07903344275336,30.0424050386914,117.426720321688,129.787427723971,271.935562850224,499.005230598706
513,19.8358579339034,4.38476859591548,32.2941687064251,126.228186852112,139.515364415493,292.317906394366,500.046635793218
514,21.5595839549076,4.76580276897958,35.1005156318496,137.197352440321,151.639179012987,317.720184598639,501.094824027753
515,20.1132126705591,4.44607859033411,32.7457216811909,127.993171539922,141.466136965176,296.405239355608,502.347695890357
516,20.6895825521863,4.57348666943065,33.6840922954892,131.660979877549,145.520030390976,304.899111295378,503.614581155014
517,19.087757087147,4.21939893505356,31.0762080296008,121.467545100027,134.253602478977,281.293262336904,504.816602758675
518,19.7385121052973,4.36325004432888,32.1356828661683,125.608713397347,138.830683228646,290.883336288592,505.950223850826
519,19.988864137775,4.41859101992922,32.5432735436057,127.201862694932,140.591532452293,294.572734661947,507.015265579645
520,19.4588113045798,4.30142144627554,31.6803103344738,123.828799210963,136.863409654222,286.761429751703,508.136050758106
521,21.0890683042829,4.6617940462099,34.3344831339903,134.203161936345,148.329810561224,310.786269747326,509.235553473757
522,22.3210510507458,4.93412707437538,36.3402375001615,142.043052141109,156.994952366489,328.941804958358,510.407270951774
523,21.5054418938787,4.75383452391004,35.0123685570517,136.852812051956,151.258371215319,316.922301594003,511.766466408883
524,20.6919309436204,4.57400578753714,33.6879156415434,131.675924186675,145.536547785273,304.933719169142,513.148652591272
525,21.1694503511281,4.67956270919675,34.4653507470998,134.714684052633,148.895177110805,311.970847279782,514.416472401328
526,18.7892471320446,4.15341252392566,30.590212874627,119.567936294829,132.15403485218,276.89416826171,515.657288273189
527,18.6020515666272,4.11203245157023,30.2854453575966,118.376691787628,130.837396186325,274.135496771348,516.775250022961
528,16.9697150243851,3.75120016328514,27.6278869168937,107.989095609723,119.356368831799,250.080010885675,517.715858025932
529,15.1710499414354,3.35360051336993,24.6995339397404,96.5430450818617,106.705470879952,223.573367557996,518.538224757096
530,15.6989256376005,3.47028882515379,25.5589526170057,99.9022540574575,110.418280800348,231.352588343586,519.138186454403
531,16.3292644415293,3.60962687654858,26.5851884241038,103.91350099155,114.851764253818,240.641791769905,519.65397097105
532,19.4892159287872,4.30814246846876,31.7298111963413,124.022283183191,137.077260360369,287.209497897917,520.24223246253
533,23.6244116252113,5.22223835925724,38.4621999792914,150.337164887708,166.16212961273,348.149223950482,521.078571082741
534,23.9701028740031,5.29865431951648,39.0250095913594,152.537018289111,168.59354653007,353.243621301098,522.414373240824
535,23.1412775870376,5.11544030871357,37.6756238610015,147.262675553875,162.764009822704,341.029353914237,524.026497189551
536,23.7846460156784,5.25765859293943,38.7230728114904,151.35683828159,167.289137048073,350.510572862629,525.601082929057
537,22.6987492476634,5.01761825474664,36.95515666988,144.446586121494,159.651489923757,334.507883649776,527.155666616572
538,21.9282274543468,4.84729238464508,35.7006931186558,139.54326561857,154.232030420525,323.152825643004,528.676859793005
539,21.3357624430908,4.71632643478849,34.736118503839,135.773033728759,150.064932015997,314.421762319232,530.062660121855
540,20.9650148218515,4.63437169746192,34.1325153590846,133.41373068451,147.457281282879,308.958113164128,531.351776717187
541,20.2387533993836,4.47382969881112,32.950110797593,128.792067086986,142.349126780353,298.255313254074,532.572589251158
542,19.902761875536,4.39955788827637,32.4030930184164,126.653939207956,139.985932808794,293.303859218425,533.717927525273
543,19.787678789716,4.37411846930563,32.2157296786954,125.921592298192,139.176496750633,291.607897953708,534.789844752237
544,18.7111384721471,4.13614639910619,30.4630464950043,119.07088118639,131.604658153379,275.743093273746,535.829188146866
545,19.5318164881714,4.31755943422736,31.7991678965317,124.293377652,137.376891089052,287.837295615158,536.789249646863
546,18.9181404073715,4.1819047216295,30.8000601720014,120.388166228727,133.06060477912,278.793648108632,537.729525144857
547,17.8306770772393,3.94151809075817,29.02959355733,113.467945036977,125.411939251396,262.767872717211,538.680415167116
548,19.1690090869893,4.23735990343974,31.2084919872387,121.984603280841,134.825087836719,282.490660229317,539.519456339546
549,18.7032228683167,4.13439663404897,30.4501593364876,119.020509162015,131.548983810648,275.62644226993,540.372667855886
550,18.4636109422045,4.08142978722414,30.0600543059048,117.495705995847,129.863675048041,272.095319148276,541.278707644712
551,18.1302910659592,4.00774855142256,29.517386156509,115.374579510649,127.519272090717,267.183236761503,542.136637063113
552,18.8913001654888,4.17597161552911,30.7563623746905,120.217364689475,132.871824130472,278.398107701941,542.955401892267
553,18.9943681549033,4.19875506582073,30.9241642942987,120.873251894839,133.596752094296,279.917004388048,543.79968425084
554,17.8051194102272,3.93586850120812,28.9879838819138,113.30530533781,125.232179583895,262.391233413875,544.696899139348
555,17.192165474302,3.80037342063518,27.9900518599162,109.404689381921,120.920972474755,253.358228042344,545.522756105903
556,18.3346043800609,4.05291254717136,29.850022569643,116.674755145842,128.956308319089,270.194169811424,546.230115788138
557,18.2977629295563,4.04476864758613,29.7900421028566,116.440309551722,128.697184241377,269.651243172408,546.969914045114
558,18.1355305683037,4.00890675720398,29.5259164340102,115.407921798296,127.556124092853,267.260450480264,547.777771563302
559,18.0068394369445,3.98045924395616,29.3163982412009,114.588978235102,126.65097594406,265.363949597077,548.570663906494
560,20.152681492809,4.45480327735778,32.8099796935557,128.244336772421,141.743740643202,296.986885157185,549.342731663376
561,18.6655667486502,4.12607264970163,30.3888525311358,118.780879309593,131.284129763234,275.071509980109,550.245704618562
562,19.1311183235094,4.22898405045997,31.1468031652924,121.743480240514,134.558583423726,281.932270030665,551.187130434149
563,20.5697877330167,4.54700570940369,33.4890579232272,130.898649210106,144.677454390117,303.133713960245,552.058331448675
564,20.700302142536,4.5758562630869,33.7015445408305,131.729195452501,145.595426552765,305.057084205793,553.051688172691
565,21.3704954220518,4.72400425119041,34.7926662309896,135.994061776693,150.30922617424,314.933616746026,554.142602109651
566,19.8379652359319,4.38523442057442,32.2975995420084,126.24159695593,139.530186109186,292.348961371628,555.283281236944
567,20.4190696444164,4.51368907929206,33.243678298278,129.939534100832,143.617379795656,300.912605286137,556.36641527449
568,22.8120253728624,5.04265824031695,37.1395781509057,145.167434190942,160.448216737357,336.17721602113,557.38235027583
569,21.7160520597185,4.8003904553062,35.3552566866996,138.193058561845,152.739696305197,320.026030353747,558.596946831649
570,22.2320947884567,4.91446305850096,36.1954104626102,141.476966835634,156.369279134122,327.630870566731,559.888841801979
571,22.8459671864004,5.0501611675201,37.1948378052274,145.383427549821,160.686946239276,336.677411168006,561.136780129338
572,22.9398517980865,5.07091460799806,37.347688541446,145.980875078732,161.347282981757,338.060973866538,562.456608917172
573,22.9368009979136,5.07024022059143,37.3427216246734,145.961460895814,161.325825200637,338.016014706096,563.819607995111
574,22.7090695211061,5.01989957834978,36.9719587992745,144.512260588857,159.724077492947,334.659971889984,565.184736733584
575,23.3473062672721,5.16098349066015,38.0110530105763,148.573767155368,164.213111066459,344.065566044009,566.530463638237
576,23.3121600617224,5.15321432943338,37.953832521541,148.350109483688,163.965910481971,343.547621962224,567.900402602167
577,22.8592880755039,5.05310578511138,37.216525147487,145.468196844115,160.78063861718,336.873719007425,569.306494062585
578,22.8151573877455,5.04335058044901,37.144677290926,145.187365194744,160.470245741559,336.223372029934,570.675870510258
579,23.2930655411569,5.14899343541363,37.922745302094,148.228598898271,163.831609308615,343.266229027575,572.0074258639
580,23.1441479759849,5.11607481574402,37.6802970556385,147.280941665358,162.784198682764,341.071654382935,573.364541385486
581,24.0746387939365,5.32176225971229,39.1952014048651,153.202246870505,169.328799172664,354.784150647486,574.739593994434
582,24.1331684308606,5.33470038997971,39.2904917611204,153.574708196385,169.740466953899,355.646692665313,576.165086751826
583,24.7883565667383,5.47953145159479,40.3571840244441,157.74408724288,174.348728005288,365.302096772985,577.652487710681
584,25.1070413340016,5.54997755804245,40.876025189392,159.772081216374,176.590195028623,369.998503869497,579.185954221588
585,25.6955668696235,5.6800726764431,41.8341860614222,163.517243715786,180.729585159553,378.671511762873,580.782591209884
586,25.4991434194835,5.63665275588582,41.5143949004923,162.267276305804,179.348042232731,375.776850392388,582.44073461603
587,26.1009319829549,5.7696797014953,42.4941489126002,166.096839891531,183.58071777485,384.645313433019,584.121337363487
588,25.666524330342,5.67365274670719,41.786902769399,163.332427556722,180.525314667956,378.243516447146,585.828139194414
589,25.6084540818706,5.66081616546614,41.6923603297823,162.962889611904,180.116877992104,377.387744364409,587.541490516118
590,25.9332271888306,5.73260811542572,42.2211137390085,165.029627565286,182.401167309,382.173874361715,589.211180714852
591,26.0563640245833,5.75982783701315,42.4215891487953,165.813225610984,183.267249359509,383.988522467543,590.895457881433
592,26.3654298162785,5.82814764359842,42.9247699465026,167.780007921773,185.441061387223,388.543176239895,592.607278770731
593,25.7462504285831,5.6912764105289,41.9167024521493,163.83977545462,181.086067607737,379.418427368593,594.346632630309
594,26.4252660596657,5.84137460266295,43.0221875497715,168.160784016055,185.861919175639,389.424973510864,596.0587452704
595,26.4781712072852,5.85306942476831,43.108320842738,168.49745313727,186.234027151719,390.204628317887,597.769354852585
596,26.1612905444767,5.783022120358,42.5924168864462,166.480939828488,184.005249284118,385.534808023866,599.527788167185
597,26.249992948915,5.80263002028647,42.7368306256019,167.045409674914,184.629137009115,386.842001352432,601.260789230379
598,26.4437118759002,5.8454520988832,43.0522186330445,168.278166483001,185.991657691738,389.696806592214,602.96995842695
599,26.853343626314,5.93600227529046,43.7191278688059,170.884913985635,188.872799668333,395.733485019364,604.694828781773
600,26.5155694331876,5.86133640102043,43.1692077789441,168.735441847557,186.497067305195,390.755760068027,606.461036894749
601,26.9356757765066,5.95420201375408,43.8531703870142,171.408845850496,189.451882255811,396.946800916938,608.226904620729
602,26.7758290661874,5.9188674777888,43.5929287253016,170.391639512101,188.327601566007,394.591165185919,609.992990165957
603,26.7228153279894,5.90714865145029,43.5066186392529,170.054279359932,187.954729818872,393.809910096685,611.772656632626
604,27.2086911035476,6.0145527702579,44.2976584984073,173.146216113484,191.372133599114,400.970184683859,613.529312399565
605,27.2031183349237,6.0133208950884,44.2885856400161,173.110753040423,191.332937570994,400.888059672559,615.315257480447
606,27.5572546197237,6.09160365278102,44.8651443633395,175.36434758006,193.823752588487,406.106910185402,617.131833561367
607,27.5856722345156,6.09788544131398,44.9114102344394,175.545186946917,194.023627678172,406.525696087598,618.971912405914
608,27.6089206633321,6.10302456768395,44.9492603080214,175.693131493931,194.187145335398,406.868304512262,620.836621565758
609,27.5891008462531,6.0986433449612,44.9169922549523,175.567005385247,194.04774279422,406.576222997414,622.698483772755
610,27.8252010057029,6.15083390652381,45.301379882969,177.069460945382,195.708351571212,410.055593768254,624.553430120169
611,27.928534913133,6.17367613869255,45.4696147357673,177.727040356301,196.43514986749,411.57840924617,626.420523079356
612,28.0894605119464,6.20924916579868,45.7316129036601,178.75111234875,197.567018911776,413.949944386579,628.310126187461
613,28.2538140129115,6.24557993969624,45.9991919368104,179.796998263982,198.722998081244,416.371995979748,630.217052264229
614,28.2991792865454,6.25560805281529,46.0730497858142,180.085686368925,199.04207440776,417.040536854353,632.148741565438
615,28.2881157014179,6.25316241820817,46.0550374928347,180.015281736295,198.964258761169,416.87749454721,634.09319127968
616,28.5371621208887,6.3082147846175,46.4605025406749,181.600122587474,200.715924965102,420.547652307833,636.031418301635
617,28.5784515224341,6.31734191548544,46.5277245838927,181.862873324581,201.006333674536,421.156127699029,637.99364415562
618,28.636377814548,6.33014667479482,46.6220326524571,182.231495183487,201.413757834381,422.009778319655,639.979837284367
619,28.7107944882647,6.34659667635324,46.7431882194905,182.705055834412,201.937166974876,423.106445090216,641.981751587838
620,28.762961592274,6.35812835197637,46.8281199256672,183.037028314471,202.30408392652,423.875223465091,643.994158361753
621,28.6851740639003,6.34093321412533,46.7014763707008,182.542016770275,201.756965903988,422.728880941688,646.004124329335
622,28.7695132559129,6.35957661446496,46.8387864938371,183.078720719446,202.350165005703,423.971774297664,648.027393038108
623,28.8919270016392,6.38663649509919,47.0380846623178,183.857717283158,203.211161207701,425.775766339946,650.058700854508
624,28.8842957562545,6.38494958822468,47.0256604593055,183.809154812529,203.157486898058,425.663305881646,652.088538198715
625,28.8080311902834,6.36809110522055,46.9014963940053,183.323834847258,202.621080620654,424.539407014703,654.119880458358
626,28.6813549486375,6.3400889886462,46.695258583045,182.517713309512,201.730104184197,422.67259924308,656.15718693507
627,28.8429749582442,6.37581551708557,46.9583873004397,183.546204279736,202.866857361814,425.054367805704,658.19582382657
628,28.7947417594167,6.36515344155528,46.8798602679626,183.239265741743,202.527609504031,424.343562770351,660.235546080532
629,28.6047949117968,6.32316519102877,46.5706134704341,182.030513075071,201.191619714552,421.544346068585,662.277105969127
630,28.7230070507943,6.34929629543875,46.7630711283108,182.782772141418,202.023063945778,423.286419695916,664.315105181711
631,28.8307385057858,6.37311061706844,46.9384654971389,183.468335945909,202.780792361268,424.874041137895,666.351275082119
632,28.9864083923164,6.40752185514364,47.1919069966134,184.458962496559,203.875695390934,427.168123676242,668.391663571152
633,29.122921053743,6.43769833819582,47.4141591892517,185.32767943291,204.835856215321,429.179889213054,670.436679205651
634,28.7357798518376,6.35211975672201,46.7838661447462,182.864053602603,202.112901350246,423.474650448134,672.48620780646
635,28.8509847090317,6.37758609357544,46.9714277368096,183.597175421111,202.923193886491,425.172406238362,674.53159604325
636,28.8987749975576,6.388150262618,47.0492336802341,183.901295439003,203.259326537845,425.876684174533,676.570373724805
637,28.6056413374437,6.32335229564546,46.5719915107856,182.035899420097,201.197573043265,421.556819709698,678.612261319904
638,29.0071577758186,6.41210856097043,47.225688449052,184.591004027936,204.021636030877,427.473904064694,680.647227675792
639,28.8813342709247,6.38429494409914,47.020838953365,183.790308996793,203.136657312245,425.619662939942,682.684011065827
640,28.8118840570727,6.36894279156344,46.9077691315148,183.348353090463,202.648179731564,424.596186104229,684.726842515073
641,28.9144177158627,6.39160812666439,47.0747011233694,184.000840010035,203.369349484776,426.107208444292,686.763562758378
642,28.7646938357794,6.35851126896176,46.8309401396548,183.048051682232,202.316267648783,423.900751264117,688.800045878143
643,28.6222800335723,6.32703032321071,46.5990804757106,182.141782031823,201.314601193068,421.80202154738,690.834061320851
644,28.6012757489561,6.32238727082189,46.5648840263707,182.008118402448,201.166867707969,421.492484721458,692.858176290755
645,28.2876535276406,6.25306025347845,46.054285041492,180.01234063044,198.961008065223,416.87068356523,694.875780838463
646,28.5409751146444,6.3090576569214,46.4667103620877,181.624387093192,200.742743629317,420.60384379476,696.881230282215
647,28.552473093729,6.31159931545588,46.4854298789131,181.697556051002,200.823614582687,420.773287697058,698.882981860123
648,28.8470757432425,6.37672200640097,46.9650636661913,183.57230018427,202.895700203667,425.114800426731,700.891787353394
649,28.8610633449433,6.37981400256642,46.9878364633463,183.661312195093,202.99408189984,425.320933504427,702.908928622946
650,28.6876777339757,6.34148665698409,46.7055525212796,182.557949216209,201.774575449494,422.765777132273,704.934239145171
651,28.6072597407507,6.32371004795543,46.5746263849415,182.046198350232,201.208956071309,421.580669863695,706.953029826123
652,28.5895874742103,6.3198035469307,46.5458546948546,181.933738472247,201.084658311431,421.320236462046,708.961931189149
653,28.3919077809443,6.27610593052453,46.2240182819584,180.675776787827,199.694279607599,418.407062034969,710.965895919887
654,27.9748822063748,6.18392132983023,45.5450713816067,178.02197767693,196.76113322187,412.261421988681,712.960908160704
655,28.0057812385167,6.19075164219843,45.5953771742868,178.21860788147,196.978461342677,412.716776146561,714.93279445008
656,28.2010093323571,6.23390732609999,45.9132222112761,179.460968478636,198.351596739545,415.593821739999,716.888837436391
657,28.1729161211179,6.22769724782606,45.8674844919252,179.282193498023,198.15400333992,415.179816521738,718.851206325006
658,27.6122997156991,6.10377151610192,44.9547616424014,175.714634554449,194.21091187597,406.91810107346,720.817735413386
659,27.3289358146386,6.04113318007801,44.4934253262888,173.911409729518,192.217873911573,402.742212005201,722.761193985423
